"","Apical.progenitors","Cajal.Retzius.cells","CThPN","DL.CPN","Doublet","Endothelial.cells","Immature.neurons","Intermediate.progenitors","Interneurons","Low.quality.cells","Microglia","Migrating.neurons","Pericytes","SCPN"
"Sapcd2",0.817330151621151,0.0377016432051382,0.0296891338737775,0.0287871429149094,0.264852769469861,0,0.0909361463232368,0.28458255327819,0.0306117681978911,0.623276890233111,0,0.0290019011048928,0.392182159649068,0.0523005799561975
"Gss",0.209116648266189,0.401767832112969,0.0333891528767663,0.0650143432120085,0.117579211011761,0,0.0650053867525702,0.130601848897536,0.0688788142597179,0.124412985155552,0,0.132893091334909,0.160222318013467,0.0791165068514196
"Slc17a6",0.0132905183192559,1.41445057601654,0.0288094069337554,0.0766860222154121,0.35602504489754,0.127026366182383,0.270093605772547,0.535725644616766,0.00379768584407135,0,0,0.978569435109883,0,0.0467993325348886
"Bag3",0.0347397146880406,0,0.00269609785282584,0,0.0157695110930822,0.147527573906512,0,0.00826927126633306,0,0,0,0,0.145547671266054,0.00254529966585138
"Dync1li2",0.562458397287549,0.845258037596032,0.605794422076597,0.55014432513916,0.801154103880779,1.53787987018193,0.859112700873223,0.807110229764333,0.655352708064206,0.33448674576623,0.108596344686981,0.670115989477172,0.628252561907983,0.548190870210957
"Nfrkb",0.250756432106801,0.49237395155215,0.265170725245768,0.263796344251715,0.327553515686,0.127026366182383,0.411927994460266,0.304936664860795,0.357584784041995,0.174917081724557,0.0907130005411184,0.304250040887671,0.402363148009384,0.233796517918963
"Twf2",0.455944633007055,0.619310662514955,0.419241233172753,0.625964713170779,0.442322600455392,0.741104219467608,0.551467855891784,0.399335030581855,0.380059255363083,0.283684720708449,2.05850041636411,0.411395738807081,1.15128193089119,0.490517320025191
"Xylt2",0.162079116408534,0.332730639635625,0.103821973466457,0.0552349313324345,0.109957257047341,1.04927734800345,0.0652961643617732,0.0930705416589165,0.0953491854122216,0.034752769395982,0.16911944687366,0.0492860480431088,0.0801212733120344,0.0748787588597164
"Rbx1",6.54628017563825,5.80635795024802,5.99492211912689,6.15219513196548,5.86751452363302,5.71233435776417,6.62307340948048,7.2548419891392,6.7823290183313,8.55421573812045,6.29045385249313,7.21786084046303,4.09664273573025,6.40423014999428
"Slc17a7",0.00637548878381413,0,0.323884591428777,0.0871105777002308,0.0936056468624121,0,0.220409319901539,0.0226154209456683,0.00392243496107409,0.0276150329301727,0,0.0999410669299765,0,0.106118540999681
"Slc17a8",0,0,0,0,0,0,0,0,0,0,0,0,0,0
"Slc17a1",0,0,0,0,0,0,0,0,0,0,0,0,0,0
