"Gene","MeanExpr","PercentExpressing","NumCellsExpressing","MaxExpr"
"Rbx1",1.923,94.2,2226,3.028
"Paip2",1.566,84.3,1994,3.168
"Tmem167",0.989,58.8,1389,2.918
"Sapcd2",0.331,21.8,515,2.663
"Paip2b",0.302,20.1,474,2.982
"Dync1li2",0.23,15.3,362,2.71
"Twf2",0.187,12.5,296,2.595
"Nfrkb",0.103,6.9,163,2.295
"Plppr1",0.099,6.8,160,2.302
"Khdrbs2",0.087,5.8,138,2.097
"Gss",0.084,5.5,131,2.9
"Xylt2",0.068,4.6,109,2.425
"Wwp2",0.058,4.1,97,2.183
"Bag3",0.016,1.1,27,2.127
"Slc17a6",0.005,0.3,8,2.21
"Slc17a7",0.003,0.2,4,1.712
"Slc17a1",0,0,0,0
"Slc17a8",0,0,0,0
