"","p_val","avg_log2FC","pct.1","pct.2","p_val_adj"
"Aldoc",0,3.05725708162032,0.898,0.131,0
"Ddah1",0,2.87163892302286,0.902,0.149,0
"Hes1",0,4.05044370117501,0.772,0.057,0
"Mt3",0,2.85217176400312,0.855,0.15,0
"Rgcc",0,3.6599990585462,0.763,0.062,0
"Id4",0,3.21423558407513,0.806,0.105,0
"Gas1",0,3.11499840347688,0.797,0.104,0
"Phgdh",0,2.82084406494389,0.815,0.13,0
"Sox2",0,2.05933703802428,0.846,0.205,0
"Ndrg2",0,2.26993677900365,0.811,0.189,0
"Vim",0,1.86037721949994,0.97,0.351,0
"Pax6",0,1.73539737250069,0.865,0.273,0
"Pea15a",0,1.96578952251268,0.896,0.313,0
"Mfge8",0,3.45545125430438,0.643,0.062,0
"Psat1",0,3.08804761474106,0.661,0.084,0
"Sfrp1",0,1.82455948872655,0.852,0.286,0
"Slc1a3",0,3.01981261290925,0.663,0.097,0
"Lockd",0,2.30879917903672,0.717,0.152,0
"Jun",0,1.75184015561539,0.852,0.298,0
"Zfp36l1",0,3.29008155706845,0.62,0.068,0
"Hes5",0,2.96899144507517,0.639,0.091,0
"Hmgb2",0,1.75137049468582,0.912,0.373,0
"Sox9",0,3.02994969796646,0.62,0.082,0
"Acot1",0,2.22220575297449,0.696,0.163,0
"Qk",0,2.41676206977984,0.653,0.137,0
"Mt1",0,3.12461127796832,0.583,0.068,0
"Siva1",0,1.73452361880213,0.762,0.256,0
"E130114P18Rik",0,1.92205564779121,0.691,0.188,0
"Nr2e1",0,2.92663972910264,0.572,0.074,0
"Ccnd2",0,1.19544802600962,0.937,0.445,0
"Ppp1r1a",0,1.72910843283741,0.739,0.248,0
"2810417H13Rik",0,2.15459958768564,0.617,0.13,0
"Pbk",0,2.49667638735052,0.566,0.091,0
"Anp32b",0,1.38200123394972,0.873,0.405,0
"Psph",0,2.27865251943266,0.593,0.127,0
"Tox3",0,1.86142785844673,0.634,0.175,0
"Cks1b",0,1.58324673912601,0.712,0.257,0
"Cdca3",0,2.72747043460432,0.533,0.08,0
"Cdca7",0,2.22405444907685,0.563,0.115,0
"Elavl1",0,1.2940399381605,0.792,0.345,0
"Creb5",0,2.96039241751797,0.518,0.071,0
"Hmgn3",0,1.37723699178908,0.956,0.509,0
"Gnai2",0,1.29682370156559,0.911,0.466,0
"Fgfbp3",0,2.44161998127913,0.56,0.12,0
"Smc4",0,1.90301845162459,0.61,0.171,0
"Ptn",0,1.28730305409635,0.986,0.548,0
"Cdca8",0,2.48247063323325,0.536,0.102,0
"Dek",0,1.34636501495669,0.824,0.394,0
"Cenpa",0,2.52245197103012,0.533,0.104,0
"Ttyh1",0,2.91931048056111,0.492,0.065,0
"Spc24",0,2.47181550090208,0.512,0.085,0
"Cenpm",0,2.54066902392497,0.51,0.084,0
"Serpinh1",0,1.91983411524334,0.562,0.137,0
"Tmpo",0,1.28375733322644,0.775,0.351,0
"Plagl1",0,2.49480398558674,0.525,0.102,0
"Scrn1",0,1.45123284376204,0.689,0.267,0
"Oat",0,2.12852702952914,0.564,0.143,0
"Birc5",0,2.42842366210612,0.508,0.09,0
"Tagln2",0,3.17131371250397,0.459,0.045,0
"Cks2",0,2.21005284631342,0.544,0.135,0
"Fabp7",0,1.61106324468684,0.995,0.588,0
"Mt2",0,3.59551487487811,0.442,0.036,0
"Rrm2",0,1.72452348982263,0.578,0.176,0
"Nde1",0,2.40159074900381,0.491,0.092,0
"Smc2",0,1.76576110278101,0.574,0.176,0
"Pdpn",0,4.22816759770016,0.421,0.025,0
"Gmnn",0,2.50726289848656,0.467,0.075,0
"Rcn1",0,2.31843279307717,0.481,0.091,0
"Ube2c",0,2.15491454049726,0.501,0.113,0
"Dbi",0,1.43285267975745,0.998,0.613,0
"Sox21",0,3.01801701457836,0.439,0.055,0
"Ccna2",0,2.53668251022027,0.459,0.076,0
"Cenpf",0,2.75413310180304,0.451,0.069,0
"Cdk1",0,2.40956576000203,0.459,0.082,0
"Tfap2c",0,2.11127952883319,0.473,0.099,0
"Cyr61",0,4.1021297064083,0.401,0.027,0
"Plpp3",0,2.92287258077933,0.429,0.059,0
"Racgap1",0,2.1016644672332,0.479,0.116,0
"Spc25",0,2.35597170381349,0.442,0.08,0
"Prdx1",0,1.00641653098698,0.969,0.617,0
"Top2a",0,2.50724529207169,0.425,0.074,0
"Knstrn",0,2.63025999783706,0.418,0.069,0
"Ccnb1",0,2.50119224257668,0.424,0.077,0
"Notch2",0,3.33383882747877,0.38,0.037,0
"Lsm5",0,0.943175066899953,0.872,0.529,0
"Cdc20",0,2.44199599650387,0.419,0.082,0
"Gng5",0,0.874526133082453,0.948,0.612,0
"Tpx2",0,2.6501389768346,0.395,0.06,0
"Ccnb2",0,2.6531469928434,0.392,0.06,0
"Tacc3",0,2.42347543892158,0.396,0.067,0
"Gpx8",0,2.62369760169901,0.383,0.06,0
"Nes",0,2.59306326250373,0.385,0.064,0
"Prc1",0,2.48689718407061,0.382,0.064,0
"Slc9a3r1",0,3.28563754113722,0.349,0.031,0
"Sox3",0,3.18267502932283,0.352,0.036,0
"Mcm3",0,2.53703941055972,0.376,0.062,0
"Notch1",0,2.42696507763264,0.38,0.067,0
"Nim1k",0,3.30011023640047,0.345,0.033,0
"Rdm1",0,2.68394582878737,0.365,0.054,0
"Eno1",0,0.850417325123453,0.946,0.639,0
"Nusap1",0,2.40528199534197,0.366,0.064,0
"2700094K13Rik",0,0.902092164335716,0.923,0.627,0
"Id1",0,3.35614606719775,0.327,0.031,0
"Bcl2l12",0,2.54498040688174,0.348,0.053,0
"Cdkn2c",0,2.54444966133203,0.34,0.052,0
"Ccdc80",0,4.48362497324666,0.303,0.015,0
"Tk1",0,2.51957241689192,0.338,0.052,0
"Gli3",0,2.97510971462333,0.314,0.039,0
"Rhoc",0,2.65682661549255,0.322,0.048,0
"Trip6",0,3.27945835054269,0.299,0.029,0
"Sgol1",0,2.83565102581989,0.307,0.041,0
"Lfng",0,4.31335335618098,0.271,0.014,0
"Phactr2",0,3.0159255192359,0.274,0.031,0
"Pon2",0,3.36867023766936,0.265,0.023,0
"Tuba1b",0,0.787146601637861,0.913,0.688,0
"Alyref",0,0.607364853576714,0.96,0.76,0
"Ranbp1",0,0.506594382663536,0.984,0.858,0
"Hmgn2",0,0.538122790163034,0.995,0.879,0
"Ran",0,0.486791887541914,0.985,0.871,0
"H2afv",0,0.56810590402543,0.992,0.881,0
"H2afz",0,0.612815385659223,0.998,0.961,0
"Litaf",1.32409593085454e-321,2.20720595570721,0.395,0.083,2.61005789890047e-317
"Cenpq",1.33891790022978e-320,2.13801703054656,0.398,0.084,2.63927496493294e-316
"E530001K10Rik",1.80136334473718e-320,2.79592711039315,0.292,0.039,3.55084742514594e-316
"Dct",1.93238955401428e-319,3.05415634825256,0.279,0.035,3.80912628887296e-315
"Rexo2",3.18958899642192e-319,1.48049452990629,0.648,0.249,6.28731782974689e-315
"Usp1",8.68824319524749e-319,1.66176553985142,0.568,0.187,1.71262649864718e-314
"Kif22",9.88160935621244e-319,2.47245027527642,0.33,0.054,1.9478628362966e-314
"Mid1ip1",1.66213866942087e-315,1.85402953284533,0.49,0.137,3.27640774516243e-311
"Pfn1",2.07782383411247e-315,0.459666382557391,0.987,0.862,4.09580634180251e-311
"Grb10",1.87675300641665e-314,2.0600979098668,0.423,0.097,3.6994555262485e-310
"Erf",1.80540358928307e-313,3.12690918679171,0.262,0.03,3.55881155519479e-309
"Rest",2.26690839327443e-313,3.07046001950406,0.26,0.029,4.46852982482256e-309
"Tead2",2.56438945060526e-313,1.29827295668094,0.711,0.255,5.05492448503308e-309
"Nrarp",3.38624177893599e-313,1.61920103429153,0.545,0.159,6.67495979463862e-309
"Lpar1",2.89197642804532e-312,2.32200697176762,0.35,0.063,5.70066393496293e-308
"Dtl",3.17671704410287e-310,3.00933993564026,0.29,0.042,6.26194463733558e-306
"Hnrnpf",1.35316551397493e-306,0.6918189163392,0.929,0.684,2.66735986114738e-302
"Gm11627",4.41221881951707e-306,2.57127152934909,0.293,0.042,8.69736573703205e-302
"Eef1d",5.03631456609898e-306,1.13519842453972,0.782,0.392,9.92758327269431e-302
"Hells",1.25133792665786e-304,2.44686995454598,0.329,0.057,2.46663732102797e-300
"Prkcdbp",3.71944308018001e-304,2.71971692470292,0.282,0.039,7.33176619965084e-300
"Asrgl1",6.25235613181894e-303,2.12030485442596,0.409,0.098,1.23246444070415e-298
"Tpbg",3.71302546365396e-302,2.74269212074501,0.292,0.043,7.31911579395469e-298
"Fignl1",8.30701694728865e-299,2.52918702127828,0.309,0.051,1.63747918064954e-294
"Ckb",2.06798639557016e-293,0.661043163578237,0.951,0.702,4.07641478294791e-289
"Hist1h4i",3.59643766834131e-292,2.25618306879371,0.355,0.073,7.08929793183439e-288
"Pmf1",4.72627849889177e-292,2.15333316797607,0.355,0.072,9.31644017701546e-288
"Tipin",8.34790742226413e-291,1.33109086524015,0.668,0.286,1.64553951107671e-286
"Fam210b",2.13114135899445e-290,1.06444259735849,0.821,0.414,4.20090584684986e-286
"Cenpe",2.45249352760009e-290,2.42832536006101,0.302,0.049,4.83435524160531e-286
"Fam64a",1.00563212482815e-288,2.42525785932166,0.312,0.054,1.98230204446124e-284
"Aurkb",2.88911265198294e-287,2.44175627892573,0.295,0.047,5.69501885958877e-283
"Fstl1",4.60418700839126e-285,2.14679448594242,0.376,0.085,9.07577343094085e-281
"Rpa2",5.72081134277784e-284,1.90605792589995,0.426,0.111,1.12768633188837e-279
"Ckap2",2.46682596739663e-283,2.55444630695411,0.3,0.052,4.86260734693223e-279
"Idi1",4.60487828196011e-278,1.99330359409896,0.412,0.108,9.07713606939976e-274
"Mns1",1.34150908070618e-277,2.71651333612491,0.258,0.035,2.64438269988803e-273
"Acss1",9.73970819742942e-277,2.7793689760194,0.255,0.034,1.91989127987729e-272
"Uhrf1",6.31171723099727e-276,2.76450220180653,0.254,0.034,1.24416570057418e-271
"Mis18bp1",1.01749756861966e-273,2.78170447652799,0.265,0.039,2.00569120726308e-269
"Glo1",7.83323107497835e-272,1.10334664854874,0.755,0.38,1.54408650949973e-267
"E2f5",9.30387510841708e-272,2.19484229935872,0.347,0.075,1.83397986137117e-267
"Cnn3",2.67548371226882e-271,0.770664405266669,0.9,0.611,5.27391349362429e-267
"Mest",6.97263843102007e-268,1.8526190629577,0.451,0.138,1.37444648752268e-263
"Cenpk",4.87066490308622e-265,2.29425301747469,0.306,0.058,9.60105465696356e-261
"Mki67",7.87435271211188e-263,2.28671029189913,0.319,0.065,1.55219240661149e-258
"Mad2l1",2.61855672871773e-262,2.5010971128585,0.272,0.043,5.16169902364838e-258
"Lsm2",1.7541212526266e-260,1.10216681106957,0.724,0.37,3.45772381317755e-256
"Tuba1c",3.72468966302527e-259,2.68157015807411,0.256,0.038,7.34210826375541e-255
"Mcm5",2.66058494190883e-258,2.16457080718612,0.332,0.071,5.24454503749068e-254
"Thbs3",1.02320585263346e-257,2.20214411584727,0.317,0.064,2.01694337671107e-253
"Ckap2l",7.40681742011742e-257,2.6429315923147,0.257,0.039,1.46003184985355e-252
"Hist1h2ap",4.20867630536414e-256,2.44850556036239,0.288,0.052,8.2961427331338e-252
"Fbxo5",8.29602480731975e-256,2.22566578527061,0.298,0.055,1.63531241001887e-251
"Lig1",1.95126127621332e-254,1.92132510077682,0.371,0.092,3.84632622767169e-250
"Tgfb2",2.76009590243455e-254,2.52654801200634,0.275,0.047,5.44070104287899e-250
"Plk1",8.59156554579062e-254,2.55971036689521,0.256,0.039,1.69356940038625e-249
"B3gat2",2.00991043063681e-250,2.19065897488367,0.313,0.065,3.96193544087128e-246
"Gcsh",3.24947047308558e-249,1.46633168890603,0.546,0.207,6.4053561965463e-245
"Nsmce4a",1.24661057113461e-248,1.05024326306115,0.751,0.38,2.45731875782054e-244
"Cnbp",1.51596003845274e-248,0.51554797344282,0.959,0.779,2.98826042779804e-244
"Tyms",1.79233570557427e-248,1.6123705472102,0.459,0.142,3.53305214282801e-244
"Cenpw",7.72905987678648e-248,1.65490502527141,0.444,0.137,1.52355228291215e-243
"Cdon",3.49466260837282e-247,2.71023532204434,0.251,0.039,6.88867893362451e-243
"Ak3",5.36177986236733e-247,2.12650955239151,0.324,0.07,1.05691404646985e-242
"Dut",6.95301620280286e-246,1.12830482603029,0.69,0.328,1.3705785538965e-241
"Fam181b",3.53961389845627e-244,1.91143775694497,0.36,0.088,6.97728691663699e-240
"Aurka",2.82308511210288e-242,2.23064278105107,0.29,0.056,5.5648653729772e-238
"Prdx6",4.83310622158385e-241,1.04126595737051,0.755,0.388,9.52701898398608e-237
"Sfrp2",3.06370861564943e-240,2.1291175237966,0.299,0.059,6.03918242316816e-236
"Hat1",1.69832922084233e-238,1.74960597208798,0.408,0.12,3.3477465601244e-234
"Ung",3.00967216988417e-234,2.4598164313879,0.269,0.051,5.93266578127568e-230
"Srsf9",1.23540255792785e-232,1.09275337456527,0.708,0.356,2.43522552218738e-228
"Mcm6",1.58859060340143e-232,1.79391353734912,0.395,0.114,3.1314297974249e-228
"Slc25a5",6.71315958536427e-232,0.460194306121648,0.982,0.838,1.323298017467e-227
"Myl12a",2.99899328671225e-229,1.0861780408158,0.698,0.322,5.91161556676719e-225
"Ccdc34",2.41448410034281e-227,1.0320392709158,0.719,0.391,4.75943105859574e-223
"Apoe",8.12911587450894e-227,2.2179110200594,0.262,0.048,1.6024113211832e-222
"Cdk6",1.18121568319848e-224,1.4968419476209,0.45,0.14,2.32841235472085e-220
"Gm29260",4.98919469617329e-224,1.97782950093617,0.324,0.077,9.83470058509679e-220
"Rpl22l1",6.94974201322872e-222,0.346867316296049,0.99,0.91,1.36993314564765e-217
"Rps27l",1.50363336444664e-219,0.565786236853774,0.953,0.733,2.96396208799722e-215
"Gins2",1.05912727060312e-218,2.18210358977771,0.274,0.056,2.08775167581288e-214
"Gltp",2.04544883229371e-218,2.12101978501416,0.262,0.05,4.03198873821737e-214
"Naa50",3.59204292247896e-218,1.25437037421859,0.591,0.254,7.08063500879053e-214
"Hspa4l",3.34579599671651e-217,2.10583643472443,0.294,0.066,6.59523306872759e-213
"Hadh",6.33546549053096e-217,2.14376644611191,0.28,0.059,1.24884695749346e-212
"Efnb1",1.09314022734957e-215,1.14329471077804,0.651,0.296,2.15479801615147e-211
"H2afx",1.52440896843386e-215,1.24883763556108,0.588,0.279,3.00491495857683e-211
"Mdk",6.63577775114845e-214,0.760738479178094,0.955,0.572,1.30804451030638e-209
"Fxn",8.5974698789139e-214,1.56021198649165,0.434,0.145,1.69473326253151e-209
"Efhd2",1.27130091502851e-213,1.64383015995932,0.377,0.106,2.5059883637042e-209
"1810037I17Rik",2.95707398166578e-213,0.868901424217283,0.791,0.476,5.82898423265958e-209
"Mcm2",1.01914869337009e-212,1.77096841940551,0.354,0.097,2.00894590437112e-208
"Fhl1",4.09821094103034e-212,1.8607722086166,0.34,0.09,8.078393406959e-208
"Cdo1",2.20023897367277e-211,1.67941925671021,0.376,0.11,4.33711106490376e-207
"Mms22l",2.98019556426699e-211,1.9513671807992,0.292,0.065,5.87456149628308e-207
"Ptprz1",3.44954875152318e-211,1.32839738949957,0.547,0.231,6.7997504990025e-207
"Zbtb20",1.05911077379661e-210,0.994868541956246,0.75,0.36,2.08771915730788e-206
"Arl4a",1.24140669621542e-208,2.05598709510208,0.275,0.059,2.44706087957984e-204
"Arx",5.41175952645881e-207,1.06964498696484,0.478,0.154,1.06676603785556e-202
"Incenp",1.42019995681874e-206,2.08808754671347,0.267,0.056,2.79949815488109e-202
"Prdx4",3.32276661444046e-205,1.35870892962576,0.5,0.194,6.54983755038503e-201
"Rnf26",2.18986860105252e-204,1.65721346395791,0.398,0.129,4.31666898639473e-200
"Rnaseh2b",1.9651739997027e-202,1.36211151065831,0.47,0.168,3.87375098821395e-198
"Bola3",5.47675833568064e-202,1.2497730238058,0.536,0.216,1.07957860312937e-197
"Emx2",5.08585571378129e-201,1.4035545371807,0.447,0.151,1.00252387830057e-196
"Dhfr",3.99852424483564e-200,2.03422582600329,0.29,0.069,7.88189099142002e-196
"Hn1l",1.95140790063935e-199,1.45863317018688,0.459,0.17,3.84661525374028e-195
"Gstm5",3.07731504103799e-199,0.966944396508122,0.713,0.359,6.06600340889408e-195
"Dnajc9",4.40400553106198e-198,0.960107704385697,0.692,0.381,8.68117570282937e-194
"Aif1l",1.12166076375524e-197,1.95233363809136,0.285,0.066,2.21101769751433e-193
"Lgals1",7.95971730145822e-197,2.00566494607705,0.25,0.05,1.56901947446344e-192
"Actr3b",7.42569822274721e-196,2.1534184577008,0.269,0.061,1.46375363366793e-191
"Mif",1.4923352448069e-194,0.324690070747479,0.991,0.903,2.94169123456336e-190
"Gpsm2",3.92654498444401e-193,1.85392766737478,0.298,0.074,7.74000547333602e-189
"Fkbp3",9.63968624319053e-193,0.438411179367706,0.948,0.793,1.90017495225772e-188
"H1fx",7.91367658644185e-191,0.626694127120385,0.851,0.639,1.55994392871942e-186
"Clic1",2.60989406200712e-190,0.986241677437579,0.679,0.339,5.14462317502844e-186
"Tspan12",1.37472563110936e-189,1.72778763199054,0.333,0.094,2.70985916404278e-185
"Ldha",3.66864751471153e-188,0.730133212694008,0.863,0.554,7.23163798099937e-184
"Tst",4.19148163786934e-185,1.83577517708015,0.31,0.086,8.26224860456804e-181
"Arhgap5",3.38949298295955e-183,1.554638665342,0.387,0.129,6.68136856800986e-179
"Nup37",5.74861183921564e-183,1.61065957262925,0.365,0.118,1.13316636574619e-178
"Ctnna1",2.390540121299e-182,1.38625485775106,0.426,0.149,4.71223268710459e-178
"Dmrta2",2.41670848242703e-181,1.1331210814224,0.538,0.214,4.76381576056016e-177
"Cd63",4.61434236897544e-181,1.09993275154574,0.583,0.263,9.0957916777244e-177
"Slbp",2.29097250883977e-180,1.10962772924643,0.593,0.296,4.51596500942496e-176
"Akr1b3",2.82977413098212e-180,1.58094351444777,0.362,0.116,5.57805076699195e-176
"Pbdc1",4.55621992677702e-179,1.16309336171099,0.549,0.244,8.98122071966286e-175
"Adk",7.20100495115976e-179,1.31672495129347,0.475,0.194,1.41946209597261e-174
"Cntfr",7.83130068683965e-179,1.64681004376914,0.315,0.087,1.54370599138983e-174
"Cmc2",2.75361258038732e-178,1.47973967209595,0.364,0.115,5.42792111845948e-174
"Immp1l",7.20456784951585e-178,0.93274370616972,0.683,0.367,1.42016441449656e-173
"Nedd4",1.70937005545348e-177,0.807889371802417,0.775,0.461,3.36951025330989e-173
"Lyar",1.93410152408703e-177,1.01883088845843,0.628,0.305,3.81250092428035e-173
"Dnph1",3.04244134494265e-176,1.8937773504876,0.271,0.068,5.99726037915095e-172
"Rrm1",1.62382660407978e-174,1.37686986206019,0.405,0.141,3.20088700196207e-170
"Lmnb1",2.25758507264653e-174,0.765014175343776,0.757,0.491,4.45015169520085e-170
"Pcna",5.35117770474144e-173,1.30156266001872,0.475,0.205,1.05482414915863e-168
"Mpped2",6.13859136682006e-173,0.603532700817462,0.875,0.639,1.21003913022757e-168
"Pold2",1.19180201015321e-169,1.44635049564145,0.371,0.125,2.349280122414e-165
"Dtymk",1.46714754506874e-169,0.902628758722656,0.686,0.384,2.89204124083951e-165
"Tsen15",2.47479010767613e-168,1.58665635673937,0.318,0.094,4.8783062602512e-164
"Mcm4",2.57488308780816e-168,1.91529277513301,0.277,0.075,5.07560954268744e-164
"Larp7",5.03186019416876e-167,1.17291037247177,0.494,0.21,9.91880281474546e-163
"Rbp1",7.6928806994828e-167,1.43764012098138,0.335,0.103,1.51642064348205e-162
"Hey1",1.02659456048819e-166,1.60955369887897,0.33,0.102,2.02362319763433e-162
"Rgma",1.24789053889364e-166,1.97151600820689,0.263,0.068,2.45984183026714e-162
"Bcl7c",6.97032331294389e-166,1.25103069509507,0.462,0.187,1.3739901314475e-161
"Smco4",1.75201653514018e-165,1.43243252808799,0.357,0.116,3.45357499406831e-161
"Snhg18",1.33084181319275e-164,1.20252431955816,0.443,0.164,2.62335538216556e-160
"Skp2",1.07313122995135e-163,1.76572347535802,0.283,0.078,2.11535628048011e-159
"Dbf4",1.84789298039806e-163,1.72628111397029,0.282,0.077,3.64256664296065e-159
"Carnmt1",2.12219100076585e-163,1.2717044291312,0.448,0.178,4.18326290070964e-159
"Dkc1",7.96635069174246e-161,1.29798061348891,0.436,0.173,1.57032704835627e-156
"Shisa2",1.80827808422288e-160,1.26910007944455,0.419,0.153,3.56447775962013e-156
"Anp32e",2.16635784769061e-160,0.719177540136058,0.787,0.492,4.27032458936772e-156
"Eci1",7.40233124166397e-159,1.62111175372935,0.308,0.092,1.4591475343568e-154
"Mrps14",7.51206256195941e-159,0.660032361549518,0.838,0.557,1.48077777221344e-154
"Rfc4",6.48816452338193e-156,1.18704581770156,0.468,0.198,1.27894699084905e-151
"Rbbp7",4.74051154587306e-155,0.973190131930344,0.602,0.309,9.34449635922497e-151
"Gkap1",6.52347890399564e-155,1.36411483658205,0.372,0.131,1.28590816155562e-150
"B230118H07Rik",5.56118013790363e-154,1.3488594364193,0.392,0.148,1.09621982878356e-149
"Vamp3",8.62293739370622e-154,1.33034042877444,0.387,0.143,1.69975341904737e-149
"Pantr1",2.59787620279706e-153,0.449808073151018,0.994,0.812,5.12093357095357e-149
"Lbr",1.12127842317664e-150,1.66897947589433,0.283,0.083,2.2102640277658e-146
"Kpna2",1.53110118492909e-150,1.66987334753181,0.303,0.099,3.01810665573223e-146
"Pgam1",8.88432700386213e-150,0.640396128228143,0.827,0.564,1.7512785390013e-145
"Nudcd2",1.82352055899895e-149,0.981911906890393,0.588,0.308,3.59452372589873e-145
"Hirip3",8.27114516053643e-149,1.67874884990796,0.273,0.079,1.63040813404494e-144
"Pde1b",1.90355027520123e-148,1.48457017073504,0.318,0.102,3.75227830247666e-144
"Srsf2",4.55567067529874e-147,0.451939537433551,0.921,0.74,8.98013803514887e-143
"Polr3h",8.6218896791713e-147,1.25454222589624,0.431,0.18,1.69954689355825e-142
"Rlbp1",1.8340945789901e-146,1.03346942306204,0.536,0.254,3.61536723410529e-142
"Hmgn1",2.52187931230048e-146,0.258541499719181,0.995,0.938,4.9711285004067e-142
"Nucks1",6.32849824050071e-145,0.736149438614937,0.747,0.488,1.2474735731675e-140
"Mrfap1",1.00656715536301e-144,0.44739546382211,0.932,0.747,1.98414517665157e-140
"Pygb",1.02043896521887e-144,1.63478417195206,0.28,0.086,2.01148928823944e-140
"Paics",2.72687900210827e-144,0.904092835292954,0.616,0.337,5.37522388895581e-140
"Lsm6",4.67172906791072e-144,0.589646901481155,0.83,0.595,9.2089123386656e-140
"Itgb3bp",1.49353253367094e-143,1.45166507732603,0.317,0.105,2.94405133037216e-139
"Krcc1",4.34472828617682e-142,1.48533169624124,0.319,0.108,8.56432839771174e-138
"Eif1b",5.76691090772248e-142,0.494632105433213,0.939,0.711,1.13677347813025e-137
"Acaa2",5.17886391929675e-141,1.75321847607171,0.251,0.071,1.02085765577177e-136
"Stox2",7.49612027301099e-141,1.29515234205245,0.394,0.156,1.47763522821593e-136
"Gsr",7.89849945593263e-141,1.23125645717958,0.423,0.18,1.55695221275344e-136
"Ak2",4.01828043496695e-140,1.01724008772835,0.526,0.251,7.92083439340685e-136
"Impdh2",1.51957417410872e-139,0.793987466996094,0.675,0.395,2.99538461200311e-135
"Ddx39",4.10637849765665e-138,1.04269624164278,0.526,0.263,8.09449329458079e-134
"Tcf3",1.0189596179454e-137,0.84564675454597,0.649,0.348,2.00857319889397e-133
"Exosc8",1.8700796244518e-137,1.07148046634862,0.492,0.234,3.6863009557194e-133
"Rfc1",8.26540275563739e-135,1.38305838338151,0.33,0.119,1.62927619119124e-130
"Snrpb",1.27816634038493e-134,0.448746745943572,0.918,0.729,2.51952149016677e-130
"Adgrb1",1.6519909038623e-134,1.61155859225145,0.283,0.091,3.25640446969337e-130
"Nudt5",1.65707847429693e-134,1.2382537543788,0.392,0.158,3.26643308853411e-130
"Dnajc24",5.33004696499571e-134,1.23216501168376,0.372,0.142,1.05065885773995e-129
"Etaa1",1.47298982949785e-133,1.50865577351958,0.28,0.088,2.90355755190616e-129
"Nt5dc2",2.33271585635342e-133,0.63488229790731,0.818,0.49,4.59824949604387e-129
"1500011K16Rik",5.45806626127212e-133,1.34062123775348,0.36,0.139,1.07589402142196e-128
"Tle1",6.27011507404146e-133,1.20018369528872,0.409,0.17,1.23596508339505e-128
"Ptbp1",1.0864927363002e-132,1.18116982938305,0.396,0.16,2.14169448179495e-128
"Mrpl42",1.1982481713251e-130,0.619239011672266,0.807,0.548,2.36198679531603e-126
"Trim59",1.92926562206901e-130,1.29627915608738,0.361,0.141,3.80296839422243e-126
"Ift74",6.84966139298132e-130,1.30384481173206,0.359,0.14,1.35020525378448e-125
"Dctpp1",7.16346178857848e-130,0.606505331230274,0.799,0.557,1.41206158776459e-125
"Nxt1",4.21039934386017e-129,1.06591477987772,0.475,0.222,8.29953918661716e-125
"Pole3",1.23455606810937e-126,0.950957462259535,0.513,0.253,2.4335569214572e-122
"Tmem165",2.04681057226081e-126,1.03625383033232,0.476,0.223,4.0346730000405e-122
"Prim1",3.07223941541982e-126,1.35032663974879,0.316,0.115,6.05599833567555e-122
"Srsf1",6.96552732616496e-126,0.622683344753928,0.8,0.54,1.37304474653364e-121
"Hjurp",1.3556306025091e-125,1.36403468689548,0.341,0.132,2.67221904366594e-121
"Hmgcs1",3.72850610822616e-125,0.828650764343943,0.636,0.365,7.3496312405354e-121
"Vegfb",1.2632218608313e-124,1.23301104376184,0.373,0.155,2.49006293207065e-120
"Hsp90b1",2.75086406346713e-123,0.853039510276275,0.615,0.359,5.4225032419064e-119
"Galk1",6.07265920885796e-122,1.39442140182233,0.312,0.116,1.19704258325008e-117
"Snx5",6.53348519867555e-122,1.19138706698499,0.364,0.148,1.28788060236292e-117
"Apitd1",8.88819674230277e-122,1.46504442396068,0.282,0.097,1.75204134184272e-117
"Sae1",7.10918468520727e-120,0.710069869122908,0.681,0.426,1.40136248514806e-115
"Fen1",4.01063314004575e-118,1.20936416895583,0.339,0.132,7.90576004565818e-114
"Rnaseh2c",7.07161199979716e-118,0.923045575569202,0.519,0.267,1.39395615740002e-113
"Tpm4",1.78426715835995e-117,0.811660089682361,0.602,0.325,3.51714742255913e-113
"Ormdl2",1.93208280826283e-117,1.41725809606819,0.289,0.102,3.80852163164769e-113
"Sfr1",2.35368191311501e-117,0.492176803210397,0.874,0.657,4.63957778713231e-113
"Eif1ax",3.75592060926837e-117,0.632154741004853,0.764,0.51,7.40367070498981e-113
"Txn1",5.2687176877897e-117,0.483840271612037,0.888,0.659,1.03856963061711e-112
"Snx3",1.48493841893245e-116,0.638982320468524,0.755,0.497,2.92711061139964e-112
"Mettl1",1.52198819566307e-116,1.39230392404181,0.317,0.124,3.00014313129105e-112
"Tkt",6.66720802852134e-116,0.64367677746168,0.755,0.503,1.31424004658213e-111
"Rap1a",1.03609428595346e-115,0.79504909450534,0.613,0.351,2.04234905647145e-111
"Sptssa",1.17449582118363e-114,0.689691859626863,0.703,0.44,2.31516616271717e-110
"Rdx",3.9459806400064e-114,0.653840669906557,0.738,0.473,7.77831703758061e-110
"Etfa",5.56264525960365e-114,0.968623729123078,0.467,0.226,1.09650863357307e-109
"1110001J03Rik",9.22437679245385e-113,0.773529794129574,0.632,0.366,1.8183091533285e-108
"Fam162a",2.4144545649515e-112,0.75638624686068,0.638,0.378,4.75937283843241e-108
"Tsc22d4",1.02264528500897e-111,1.14341754930487,0.36,0.15,2.01583838580969e-107
"Nasp",7.29180591782259e-110,0.737357515125067,0.652,0.387,1.43736078252119e-105
"Gdi2",2.5544484998862e-109,0.40758976560095,0.892,0.721,5.03532888297567e-105
"Rfc2",6.37168909394199e-109,0.947631759535977,0.481,0.25,1.25598735419785e-104
"Nme4",9.548740148037e-109,1.17714239753846,0.34,0.138,1.88224765798105e-104
"Tubb4b",9.72275984358232e-109,0.841018499117886,0.561,0.343,1.91655042036695e-104
"Rbm3",1.2596690395597e-108,0.30560397898707,0.952,0.834,2.48305961078009e-104
"Cst3",3.99631700713789e-108,0.453627085502037,0.875,0.672,7.8775400844702e-104
"Sri",5.00976969962191e-108,0.961170649996184,0.446,0.215,9.87525803189471e-104
"Meis2",2.68777897362717e-107,0.488320839281782,0.915,0.662,5.29814991281387e-103
"Tspan7",3.12554757528512e-107,1.10900369269725,0.36,0.152,6.16107938040203e-103
"Abcd3",7.16670637322793e-107,1.21031961675145,0.333,0.138,1.41270116029069e-102
"Mis18a",8.4109376438208e-107,1.28000038552346,0.287,0.107,1.65796402834996e-102
"Lima1",2.08750937486118e-106,1.17085695514772,0.331,0.133,4.11489847972635e-102
"Cbfb",1.30294442419961e-105,0.959396771433478,0.437,0.208,2.56836404898227e-101
"Ilk",1.51467272586128e-105,0.978385169349327,0.416,0.192,2.98572287721776e-101
"Srsf7",5.0870708945251e-105,0.396100070234226,0.892,0.724,1.00276341472879e-100
"Hsd17b12",6.66796606985487e-105,0.870063958509571,0.521,0.285,1.31438947168979e-100
"Sept11",6.36422766953675e-104,1.10831980073542,0.375,0.17,1.25451655821909e-99
"Ap4s1",3.48541073522568e-103,0.992494468738612,0.415,0.195,6.87044164127687e-99
"Npm3",3.96181188277915e-102,0.757167884923991,0.596,0.347,7.80952358333427e-98
"Tbl1x",6.26629806755578e-102,1.20408026518717,0.315,0.128,1.2352126750766e-97
"Cfap20",1.18623116368155e-101,0.76656338955157,0.578,0.337,2.33829886984908e-97
"Ehbp1",2.34832677231535e-101,0.944131053910126,0.414,0.189,4.62902173358802e-97
"Rad21",2.8677527662529e-101,0.938839414335652,0.443,0.222,5.65291425283772e-97
"Lap3",4.33605984964533e-101,1.2307802935804,0.301,0.12,8.54724117562087e-97
"Fzd2",5.80597736662121e-101,1.02197956121195,0.378,0.166,1.14447425850837e-96
"Kpnb1",6.73960303152931e-101,1.00608298468362,0.396,0.186,1.32851054957506e-96
"Msmo1",7.80523326338637e-101,1.29186365419473,0.298,0.119,1.53856758087872e-96
"Rab28",1.1628639839306e-100,0.887182859413696,0.481,0.248,2.29223748512399e-96
"Hspe1",4.93751720779453e-100,0.338698302792788,0.946,0.801,9.73283392000458e-96
"Tmed10",1.43104030409534e-99,0.741691894129918,0.606,0.353,2.82086664743273e-95
"Elp4",5.61294315286641e-99,1.11982287839831,0.324,0.135,1.10642335429303e-94
"Gar1",2.83509871523464e-98,0.850353425314834,0.506,0.278,5.58854658747053e-94
"Bag2",2.87083829996247e-98,1.45364552994131,0.25,0.091,5.65899645688602e-94
"Atp1a1",3.45951504637722e-98,1.35409096216836,0.265,0.1,6.81939605941878e-94
"Hmbs",7.76709766908757e-98,1.18517187951694,0.308,0.126,1.53105029253054e-93
"Syt11",1.18253778594892e-97,0.632676619200754,0.706,0.466,2.33101848366252e-93
"Fam171b",1.35629686190963e-97,0.817458753995403,0.516,0.273,2.67353237419626e-93
"Med25",1.46967667155834e-96,0.933185450088565,0.445,0.229,2.89702665497579e-92
"Gapdh",1.97707290034404e-96,0.282736401312133,0.956,0.838,3.89720610115818e-92
"Sep15",2.38099597628601e-96,0.44912893428838,0.862,0.665,4.69341926845499e-92
"Nap1l1",8.47223125464984e-96,0.412625914462287,0.87,0.682,1.67004622491658e-91
"Hdgf",2.84396839630605e-95,0.44496492646808,0.853,0.668,5.60603050279848e-91
"Rfc5",3.28463542391775e-95,1.19175365673191,0.292,0.117,6.47467334762668e-91
"Lsm4",3.36167061755278e-95,0.455797341273245,0.846,0.638,6.62652512132004e-91
"Rangrf",6.61320535229632e-95,1.19965103823069,0.334,0.15,1.30359503904465e-90
"Atp5g2",9.11884700459003e-95,0.322696461907931,0.94,0.797,1.79750712154479e-90
"Ptp4a2",1.73596306367227e-94,0.53287231295212,0.793,0.561,3.42193039111077e-90
"Umps",3.44417842136678e-94,1.22220593792284,0.283,0.114,6.78916450419819e-90
"Rhoa",6.74126393229374e-94,0.622479601959387,0.687,0.438,1.32883794633374e-89
"Ttyh3",7.47569149418706e-94,0.944172774959381,0.431,0.221,1.47360830733415e-89
"Emc8",1.01983994519904e-93,0.754249912876522,0.55,0.307,2.01030849997636e-89
"Smim11",3.65216420434018e-93,0.717507427493241,0.59,0.345,7.19914607959536e-89
"Ost4",7.80502139616605e-93,0.669492916131818,0.639,0.397,1.53852581761225e-88
"Asah1",1.17220714145332e-92,1.2556444220674,0.264,0.1,2.31065471723279e-88
"Setd8",1.24552377744784e-92,0.767704526560139,0.557,0.322,2.45517647010517e-88
"Bet1",1.6685829735391e-92,1.04421885675631,0.337,0.148,3.28911075744028e-88
"Rpa1",4.37817917960802e-92,1.36552943967812,0.25,0.094,8.63026679884332e-88
"Tpi1",1.75226287331643e-91,0.608682918397952,0.707,0.474,3.45406057588135e-87
"Zfp219",7.8903278447873e-91,1.14345730907953,0.28,0.11,1.55534142476447e-86
"Hnrnpd",1.15358699350817e-90,0.799405615737491,0.52,0.292,2.2739506816033e-86
"Hnrnpa3",2.72704980554243e-90,0.278804629440947,0.943,0.827,5.37556057668524e-86
"Pkn2",8.42643672561571e-90,1.04824749260613,0.345,0.156,1.66101920735337e-85
"Cdv3",1.03381136122014e-89,0.768460902693883,0.541,0.315,2.03784895523715e-85
"Lage3",1.74470124617203e-89,0.713742140110574,0.577,0.341,3.43915509645431e-85
"Syce2",2.3230413461766e-89,0.950541709701663,0.385,0.186,4.57917910158332e-85
"Hmgn5",3.24812674564846e-89,0.773796869233707,0.47,0.239,6.40270744102224e-85
"Tbrg1",4.53223182390923e-89,0.864996867224854,0.459,0.242,8.93393537128988e-85
"Fam96a",1.4656821890396e-88,0.735532093911316,0.551,0.318,2.88915273103486e-84
"Tgif2",1.36715234491384e-87,0.939977233491528,0.35,0.157,2.69493070229417e-83
"Exosc3",1.75884379646772e-87,1.02074003526349,0.334,0.148,3.46703289159717e-83
"Golim4",3.28064851295803e-87,1.1687673014264,0.272,0.109,6.46681434874286e-83
"Nudt21",7.54222587360601e-87,0.453335027756758,0.828,0.619,1.48672356420522e-82
"Tmed5",7.85492308312919e-87,1.11681784952345,0.297,0.125,1.54836243814642e-82
"Btg1",1.5698105883211e-86,0.439166281828683,0.86,0.644,3.09441063169855e-82
"Tmem256",1.8672820358824e-86,0.472050537469898,0.801,0.588,3.68078634913138e-82
"AI854517",2.25991175046399e-86,0.835844753698666,0.458,0.242,4.45473804251462e-82
"Hmgb3",3.47621061591043e-86,0.329797188554523,0.952,0.801,6.85230636608264e-82
"Smc6",3.60160035979197e-86,0.661573615662357,0.614,0.379,7.09947462922192e-82
"2310039H08Rik",3.76191068040129e-86,0.849950158617492,0.454,0.241,7.41547833320702e-82
"Hs2st1",6.66991199926072e-86,0.912115706678855,0.409,0.209,1.31477305329427e-81
"Fam174a",1.21633673103453e-85,1.18018694873107,0.256,0.099,2.39764296421527e-81
"Cd9",3.79727346958013e-85,0.933367997004042,0.388,0.19,7.48518546323636e-81
"Dars",4.14164807519045e-85,0.849062341449808,0.44,0.234,8.16401668581541e-81
"Cxxc5",4.491127845285e-84,0.928116202641219,0.368,0.175,8.8529112086258e-80
"2810004N23Rik",3.37408049038275e-83,0.895729799740061,0.411,0.211,6.65098746264247e-79
"Zcchc3",4.57607179763097e-83,1.16475859798069,0.277,0.116,9.02035272749018e-79
"Psmg4",1.90193229760112e-82,0.67647329890337,0.589,0.362,3.74908894503133e-78
"Rpp25l",9.63206946434511e-82,0.88834602829737,0.391,0.196,1.89867353281171e-77
"Pdcd5",1.19280450541355e-81,0.351302898735527,0.884,0.724,2.3512562410712e-77
"Scaf11",1.36179155403711e-81,0.823960283782634,0.428,0.223,2.68436351131795e-77
"Fgfr1",1.26613126938118e-80,1.01709025710793,0.327,0.153,2.49579795820418e-76
"Hdac1",6.261541485257e-80,0.761286444221979,0.479,0.26,1.23427505757386e-75
"Ptges3",5.29950587113145e-79,0.492999665915258,0.75,0.531,1.04463859731743e-74
"Stra13",2.78093823807132e-78,0.653686316155468,0.558,0.339,5.48178545488618e-74
"Ipo5",4.48882047511451e-78,0.929750039295767,0.359,0.179,8.84836292054572e-74
"B3glct",4.79281214730015e-78,1.07087528007291,0.265,0.109,9.44759130475806e-74
"Lsm14a",1.56663438641276e-77,0.80065453343556,0.441,0.239,3.08814970249683e-73
"Ncaph2",4.96896025322587e-77,0.829376501486242,0.384,0.192,9.79481445115883e-73
"Pdlim7",1.22628017012045e-76,0.730292348461663,0.489,0.276,2.41724347134142e-72
"Gm13889",2.09497303722567e-76,0.678764753806948,0.369,0.173,4.12961085097924e-72
"Pgp",2.2134969698776e-76,0.822815028339697,0.427,0.231,4.36324522702272e-72
"Snrpa1",4.86412338652942e-76,0.563716430883659,0.676,0.452,9.58816001952679e-72
"Rbmxl1",3.72538471066183e-75,0.453458636226405,0.782,0.583,7.3434783416566e-71
"Sap30",2.42347307884594e-74,0.503407761892199,0.723,0.521,4.77715013302112e-70
"Mrpl51",4.45364711055572e-73,0.581322679781598,0.618,0.397,8.77902918432743e-69
"Exosc7",5.33044964627265e-73,0.691027521324153,0.512,0.303,1.05073823427326e-68
"Reep3",4.89062095940398e-72,1.03687003192183,0.289,0.132,9.64039203517713e-68
"Mcm7",8.91830267069065e-72,0.676535116007683,0.528,0.324,1.75797582244654e-67
"Ppil1",9.29405544273479e-72,0.731526581504064,0.47,0.269,1.83204420887188e-67
"Hddc2",1.908841840235e-71,0.853419493603185,0.365,0.187,3.76270903547124e-67
"Mphosph10",2.07301397903116e-71,0.960523947781957,0.302,0.14,4.08632515546623e-67
"Tpm1",2.41412774990826e-71,0.925726178273018,0.307,0.144,4.75872862061917e-67
"Srsf6",8.64765116424624e-71,0.399208106796979,0.811,0.63,1.70462499749622e-66
"Rrp15",1.00965879467074e-70,0.989150109550684,0.318,0.157,1.99023941605495e-66
"Tmem237",1.37839699939899e-70,0.877702582032413,0.374,0.195,2.71709616521528e-66
"Hspa14",1.64067963565192e-70,0.870109054931259,0.349,0.176,3.23410769779707e-66
"Gm10073",1.65330352796485e-70,0.633869721807447,0.555,0.349,3.2589919143243e-66
"Gnl3",2.67624870105966e-70,0.910610803036839,0.352,0.182,5.2754214395288e-66
"D030056L22Rik",3.96272088529715e-70,0.588831217595643,0.614,0.415,7.81131540909774e-66
"Ncl",1.51582683861496e-69,0.36716867730937,0.848,0.673,2.98799786427781e-65
"Dcps",9.84991849095149e-69,0.833336413685443,0.364,0.19,1.94161593293636e-64
"Ppa1",1.69905954878298e-68,0.494719823390648,0.71,0.497,3.34918618256102e-64
"Gfer",3.54707793724023e-68,0.86841778527135,0.356,0.185,6.99200002988794e-64
"Rpp30",1.83229821595331e-67,0.72107276908589,0.45,0.261,3.61182624328717e-63
"Ndufa12",1.86708908170042e-67,0.318920995285195,0.909,0.749,3.68040599784788e-63
"E2f4",2.1324137809823e-67,0.916917814900081,0.302,0.144,4.20341404507232e-63
"Abhd17b",2.74154024790946e-67,0.716149919695647,0.464,0.271,5.40412413667913e-63
"Oxct1",3.06718303247537e-67,0.608777146344258,0.556,0.354,6.04603119361545e-63
"Ssx2ip",4.01005651815881e-67,1.0391129636804,0.256,0.114,7.90462340859465e-63
"Asf1a",1.01031022240863e-66,0.547806653692299,0.642,0.421,1.99152351041189e-62
"Naa20",1.65943468023486e-66,0.713521044032227,0.439,0.248,3.27107764167896e-62
"Crls1",2.0865467697519e-66,0.768303282282196,0.407,0.224,4.11300099253495e-62
"Arl6",2.76912454028545e-66,0.928386943155904,0.312,0.154,5.45849829381068e-62
"Unc119",3.05641115297305e-66,0.674233908368766,0.486,0.288,6.02479766474048e-62
"Spr",5.16483143670087e-66,1.01992151163867,0.289,0.14,1.01809157280248e-61
"Lsm3",6.54925349263199e-66,0.543139666030639,0.626,0.42,1.29098884846762e-61
"Pabpc1",9.25091181490749e-66,0.313202307823781,0.904,0.752,1.82353973695456e-61
"Higd1a",1.09745958384352e-65,0.474512788151294,0.71,0.5,2.16331233167235e-61
"Rpn2",1.12001580996663e-65,0.749585275587825,0.43,0.247,2.20777516460623e-61
"Ccdc58",2.74936848347616e-65,0.843712202186694,0.357,0.187,5.41955515462821e-61
"Commd1",3.80932981989634e-65,0.589239836027069,0.558,0.35,7.50895094097966e-61
"Bcl2",6.93022513497184e-64,0.93222278178534,0.265,0.121,1.36608597860565e-59
"Nudt4",7.75681608175126e-64,0.747509420810289,0.38,0.203,1.52902358603481e-59
"Slc35a4",2.28990799447754e-63,0.94064599547315,0.288,0.138,4.51386663871412e-59
"Chd7",3.17131139070728e-63,0.908617487292936,0.296,0.142,6.25128901336219e-59
"Sec61b",5.90189810487409e-63,0.364869706932367,0.86,0.682,1.16338215443278e-58
"Ssrp1",6.78451929205361e-63,0.523351975207033,0.633,0.432,1.33736444284961e-58
"Hsd17b10",2.37905435192131e-62,0.515191442761797,0.659,0.447,4.68959193850729e-58
"Ckap5",2.88152677120547e-62,0.944924025697104,0.281,0.136,5.68006557140022e-58
"Ppih",1.80822818984844e-61,0.695688736730777,0.426,0.25,3.56437940782925e-57
"Cetn2",1.92826149036209e-61,0.704427821140068,0.436,0.257,3.80098904980175e-57
"Emg1",2.01403990313881e-61,0.418855838761129,0.775,0.571,3.97007545706723e-57
"Nop10",2.36226628054832e-61,0.289097754546463,0.927,0.773,4.65649929221685e-57
"Bbx",2.3117573993866e-60,0.831486889881349,0.313,0.156,4.55693618567086e-56
"Fam92a",3.07254679212325e-60,0.585433910201121,0.534,0.337,6.05660423663335e-56
"Srsf10",5.06808736173696e-60,0.449733021747265,0.715,0.508,9.9902138074559e-56
"Pgls",8.55307826914844e-60,0.454430929573063,0.72,0.523,1.68598278841454e-55
"Eed",1.10718900015603e-59,0.831240731073352,0.314,0.159,2.18249095710756e-55
"Ube2d3",1.78412102917156e-59,0.251947487993111,0.935,0.822,3.51685937270298e-55
"Mrpl33",1.90378770045242e-59,0.432104575814229,0.733,0.528,3.75274631513181e-55
"Anapc11",2.84491991657154e-59,0.392746934357921,0.766,0.579,5.60790613954583e-55
"Stag1",2.96793360268817e-59,0.859113585509182,0.271,0.129,5.85039071761893e-55
"Tdp2",5.48493603571781e-59,0.746192485276415,0.384,0.213,1.08119059136069e-54
"Gbas",7.00955775162873e-59,0.860281971150145,0.314,0.162,1.38172402400106e-54
"Canx",7.05488967043516e-59,0.623274079541213,0.511,0.323,1.39065985183618e-54
"Pnrc2",5.42794953599345e-57,0.648165273169099,0.462,0.286,1.06995741253503e-52
"Etfb",7.65583769537996e-57,0.591075801686764,0.51,0.324,1.5091187265133e-52
"Rangap1",1.00726167113704e-56,0.737416298990512,0.363,0.204,1.98551420614532e-52
"Cyb5b",1.76955075282118e-56,0.898453613839529,0.269,0.132,3.48813844396111e-52
"Snrnp25",2.33041502549331e-56,0.703516696657954,0.376,0.212,4.59371409825242e-52
"Nudc",5.33231289690226e-56,0.372475451337424,0.776,0.591,1.05110551823737e-51
"Echs1",1.93111247742526e-55,0.559323703167065,0.52,0.325,3.80660891550068e-51
"Parp2",5.67848461426946e-55,0.810293162869232,0.302,0.156,1.1193428871648e-50
"Twf1",6.20604022451082e-55,0.696820310804483,0.376,0.21,1.22333464905557e-50
"Pa2g4",1.08148497564852e-54,0.464562548707622,0.655,0.463,2.13182318399836e-50
"Etf1",1.09249587314886e-54,0.671257107183715,0.42,0.248,2.15352786515104e-50
"Sqle",1.29696317417535e-54,0.634993387462935,0.483,0.302,2.55657380893446e-50
"Tmem55a",2.6635996789851e-54,0.761820591492586,0.345,0.191,5.25048768721543e-50
"Fgf13",3.43934493250223e-54,0.744981682762089,0.306,0.159,6.77963673094839e-50
"Gm14698",7.14768815645948e-54,0.83449015921311,0.322,0.175,1.40895228940129e-49
"Aldh2",8.21309082442445e-54,0.873372672283258,0.262,0.129,1.61896446331055e-49
"Dpy30",8.69521130903757e-54,0.414057884515264,0.711,0.524,1.71400005323749e-49
"Rrs1",1.03875941454015e-53,0.673262034234997,0.425,0.256,2.04760255794154e-49
"Srrt",1.62633855916214e-53,0.745444820528078,0.333,0.179,3.20583856782041e-49
"Fam58b",1.72095283565836e-53,0.782165271513725,0.308,0.162,3.39234222964976e-49
"Cops7a",2.35868805795277e-53,0.769655442766917,0.324,0.176,4.6494458998365e-49
"Hspd1",2.37874906186263e-53,0.353735754009981,0.813,0.643,4.68899015074362e-49
"Tsen34",3.40316256551507e-53,0.450491597208523,0.654,0.467,6.70831404914331e-49
"Sephs1",3.71891525338287e-53,0.683440623486148,0.364,0.203,7.33072574746831e-49
"Nol7",4.8002214147645e-53,0.397775843480049,0.736,0.548,9.46219645278377e-49
"Mrpl13",8.97321977661561e-53,0.559647814689861,0.514,0.331,1.76880108236647e-48
"Marcks",1.98401709298633e-52,0.305440722794581,0.884,0.733,3.91089449369465e-48
"Pcnp",2.18341956406509e-52,0.461525448934261,0.65,0.456,4.30395664468511e-48
"Dhx32",2.58904780548101e-52,0.817133892343227,0.285,0.146,5.10353103416417e-48
"1810043H04Rik",2.76107239177721e-52,0.63141929606154,0.437,0.267,5.44262589867124e-48
"Actl6a",3.05761247369583e-52,0.468526542214926,0.648,0.446,6.02716570814921e-48
"Cd81",3.86394986312233e-52,0.389307947332043,0.783,0.592,7.61661797018675e-48
"2700029M09Rik",4.93639988616389e-52,0.52819032890211,0.539,0.352,9.73063145560625e-48
"Ctbp2",5.03126154448283e-52,0.643914630178188,0.418,0.251,9.91762275648456e-48
"Nmral1",5.49363956265766e-52,0.642887395001816,0.393,0.225,1.08290623059108e-47
"Mrpl17",5.8338684334303e-52,0.587886519522272,0.484,0.308,1.14997214559778e-47
"Gclm",6.33547336105465e-52,0.838445494964811,0.288,0.151,1.24884850893109e-47
"Smc1a",7.64043256654074e-52,0.590828088841192,0.472,0.296,1.50608206751651e-47
"Nr2f1",7.85229812996481e-52,0.583685853693686,0.457,0.276,1.54784500737866e-47
"Cdc42se1",8.64571595244568e-52,0.817909841604236,0.293,0.153,1.70424352854609e-47
"B9d1",8.68122492245414e-52,0.811898020269206,0.305,0.164,1.71124305671416e-47
"Mrps28",1.79368746451195e-51,0.777674229492572,0.322,0.177,3.53571673004595e-47
"Tex30",1.93542597534293e-51,0.639273035217533,0.378,0.213,3.81511168259599e-47
"Tmbim6",2.2307725567234e-51,0.451119025006558,0.675,0.489,4.39729886381317e-47
"Ccdc86",2.4450405879867e-51,0.882824013531155,0.268,0.138,4.81966400703939e-47
"Sf3b5",2.83981897377272e-51,0.417887301568623,0.705,0.517,5.59785116110079e-47
"Uchl5",4.93409025134297e-51,0.701959551490039,0.337,0.186,9.72607870344726e-47
"9130401M01Rik",5.02361011182056e-51,0.817801213837784,0.283,0.147,9.90254025242068e-47
"Zdhhc6",7.83556428181024e-51,0.857235792176185,0.276,0.142,1.54454643123043e-46
"Wdr77",8.00708876956866e-51,0.786544747797985,0.327,0.181,1.57835733825737e-46
"Frat2",1.95289535481132e-50,0.702596540987502,0.367,0.211,3.84954732340408e-46
"Eif3j1",2.286625546494e-50,0.519492194726422,0.55,0.365,4.50739627724896e-46
"Nek6",2.82656262025408e-50,0.609457500392477,0.349,0.187,5.57172023704485e-46
"Rbm7",5.82413648278188e-50,0.489024882844299,0.588,0.393,1.14805378348596e-45
"Pycr2",9.72603982524003e-50,0.756027422176831,0.319,0.176,1.91719697035131e-45
"Akr7a5",1.20641113961925e-49,0.79274773380179,0.308,0.168,2.37807763841747e-45
"Arl2bp",1.86965479670313e-49,0.40496202846014,0.718,0.53,3.68546353526121e-45
"Rpa3",2.37287058227929e-49,0.638509912118161,0.418,0.258,4.67740249178893e-45
"Banf1",2.71951324970703e-49,0.422035800402639,0.673,0.481,5.3607045178225e-45
"Dok5",2.85516617093865e-49,0.585620258603617,0.453,0.281,5.62810355615427e-45
"Snrpd3",3.84210569551473e-49,0.319015314416061,0.863,0.698,7.57355874699863e-45
"Ppie",8.27652507603458e-49,0.662243087767755,0.35,0.2,1.63146862298794e-44
"Fdps",1.39645919914619e-48,0.480010673154954,0.606,0.431,2.75270037335697e-44
"Uqcr10",1.41514639751595e-48,0.270149460797931,0.889,0.74,2.78953657878343e-44
"Ssr1",2.440594235536e-48,0.592932021878241,0.459,0.292,4.81089935708857e-44
"Ddt",3.3374472777691e-48,0.685731781244971,0.376,0.226,6.57877607393844e-44
"Fmr1",5.15020407648807e-48,0.81779367510935,0.257,0.132,1.01520822755733e-43
"Maz",7.34418936725657e-48,0.640151330155375,0.366,0.211,1.44768660807362e-43
"1810058I24Rik",7.40668994834536e-48,0.460629646298733,0.601,0.416,1.46000672261784e-43
"Hmg20b",1.62312715880544e-47,0.58710572490817,0.387,0.225,3.19950825543729e-43
"Sept9",1.75611382682014e-47,0.701505531781294,0.305,0.164,3.46165157542785e-43
"Dpm3",3.31851309203337e-47,0.524548127248891,0.523,0.346,6.54145300701617e-43
"Ss18",3.50666805733692e-47,0.679926774559225,0.334,0.187,6.91234407462254e-43
"Supt16",6.5308933719141e-47,0.599378350395312,0.409,0.248,1.28736970147171e-42
"St13",1.0439088165323e-46,0.341427360690122,0.818,0.644,2.05775305914847e-42
"Rap1b",1.40426852014286e-46,0.523651147421982,0.48,0.31,2.76809410690561e-42
"Tpr",2.69454702783283e-46,0.469686270075582,0.587,0.406,5.31149110126408e-42
"Exosc5",3.48461060183393e-46,0.724569858171377,0.293,0.159,6.86886441833504e-42
"Prkrir",5.13626536358188e-46,0.676064183041823,0.341,0.196,1.01246062846926e-41
"Klhl5",5.16042128163885e-46,0.760525793681662,0.316,0.179,1.01722224303665e-41
"Mrpl54",5.29503925319121e-46,0.500817195431408,0.518,0.338,1.04375813758905e-41
"Acat2",5.53099394532988e-46,0.382315728175031,0.725,0.546,1.09026952650343e-41
"Stoml2",5.54226062694262e-46,0.461819616161261,0.591,0.402,1.09249041478293e-41
"Txnl1",1.11774002312138e-45,0.405579228116988,0.658,0.477,2.20328913357687e-41
"Uqcc2",1.27443965927539e-45,0.347839335301771,0.776,0.598,2.51217545636366e-41
"Exosc1",1.36297201005867e-45,0.612371355419034,0.388,0.233,2.68669042622765e-41
"Cisd2",7.41862633619718e-45,0.491496032012399,0.509,0.337,1.46235962339119e-40
"Pcbp2",1.14171010216271e-44,0.294900870805467,0.852,0.697,2.25053895338313e-40
"Srsf5",1.22938487498836e-44,0.366149263076073,0.744,0.574,2.42336346557705e-40
"Nudt2",1.35261465931969e-44,0.758906155450558,0.265,0.139,2.66627401645097e-40
"Chchd3",1.3640290914624e-44,0.550575219524866,0.442,0.277,2.68877414509068e-40
"Hist1h2bc",1.50047265611232e-44,1.00737296812123,0.277,0.162,2.95773169972861e-40
"Tardbp",1.92902850181053e-44,0.527239202492437,0.475,0.307,3.80250098276892e-40
"Anapc13",2.32593486304046e-44,0.340206261586147,0.761,0.586,4.58488280202535e-40
"Smc3",2.48848850052521e-44,0.423997270600601,0.621,0.437,4.9053085322353e-40
"Snrpd1",3.19138643530214e-44,0.260349067003754,0.872,0.732,6.29086094126758e-40
"Psmc3ip",4.41018084203588e-44,0.691647662379374,0.293,0.162,8.69334847582113e-40
"Hnrnpm",9.79389234324462e-44,0.300931917437711,0.864,0.689,1.93057205870038e-39
"Pdcd4",1.42237376200613e-43,0.493194288300897,0.531,0.36,2.80378315966649e-39
"Nop58",1.51590281694165e-43,0.523570607107563,0.511,0.352,2.98814763275538e-39
"Sfxn1",2.33634042063552e-43,0.544327451870478,0.442,0.282,4.60539423715674e-39
"Rnf145",2.3366229115688e-43,0.773443957962421,0.255,0.135,4.60595108328441e-39
"0610007P14Rik",2.4556651403994e-43,0.500302915796399,0.509,0.341,4.84060712475529e-39
"Swi5",3.05850360594023e-43,0.250838900443074,0.897,0.76,6.02892230802939e-39
"Hspa5",3.28437934695159e-43,0.399826986735687,0.682,0.5,6.47416856871097e-39
"Nsmce2",3.29407323886361e-43,0.518312758689555,0.467,0.303,6.49327716844795e-39
"Mrpl2",5.12160545860955e-43,0.605714330747291,0.379,0.231,1.00957086800111e-38
"Prps1",6.6607615912695e-43,0.712171841356379,0.286,0.16,1.31296932487104e-38
"Asnsd1",9.82095027850998e-43,0.574790386344674,0.405,0.253,1.93590571889989e-38
"Ubr7",1.1695361733886e-42,0.77680704256822,0.279,0.155,2.3053897049836e-38
"Thoc3",1.20803165460557e-42,0.551141620592065,0.391,0.237,2.38127199755849e-38
"Insig1",2.74546304897982e-42,0.669427291139348,0.31,0.175,5.41185676214902e-38
"Fam204a",3.9371780902306e-42,0.576069090901766,0.406,0.253,7.76096545146256e-38
"Scd2",5.1089445881752e-42,0.587795666761877,0.432,0.278,1.00707515722109e-37
"Naa38",5.6290601503248e-42,0.55359605616302,0.408,0.255,1.10960033683202e-37
"Wdr43",6.61024117651323e-42,0.641430809941112,0.364,0.224,1.30301074071429e-37
"Glud1",1.35533600135643e-41,0.5395350115991,0.446,0.291,2.6716383258738e-37
"Thrap3",1.8358021962627e-41,0.509852153861998,0.47,0.312,3.61873328927302e-37
"Chtop",2.0235508675754e-41,0.426535472099912,0.616,0.44,3.98882347016463e-37
"Thoc7",2.65251075096291e-41,0.324957797612708,0.78,0.608,5.22862919229809e-37
"Smchd1",2.87134149519802e-41,0.652215068313787,0.304,0.172,5.65998835533434e-37
"Eif2s1",2.9843406303642e-41,0.430307062366955,0.586,0.412,5.88273225057391e-37
"Sept2",3.53030725867284e-41,0.653110159081165,0.341,0.203,6.9589416682959e-37
"Cux1",4.12668496310183e-41,0.477038011874974,0.433,0.262,8.13452139926633e-37
"Sh3glb1",7.31520102950046e-41,0.488990719452123,0.466,0.298,1.44197242693513e-36
"Calu",1.28940446984638e-40,0.679105742714441,0.294,0.166,2.54167409096118e-36
"Ssbp1",2.0066970361422e-40,0.404480360413193,0.632,0.455,3.9556011976435e-36
"G3bp1",2.01455075821301e-40,0.290776988435466,0.824,0.678,3.97108245458948e-36
"Mrps25",2.47231766777123e-40,0.613035279888699,0.35,0.213,4.87343258671066e-36
"Luc7l2",2.92751081079525e-40,0.406474096218826,0.607,0.424,5.7707093102396e-36
"Mmd2",3.7223939812071e-40,0.563085109545238,0.435,0.284,7.33758301575544e-36
"Pmm1",3.77683115250944e-40,0.645310540826693,0.36,0.228,7.4448895678266e-36
"BC005561",7.42026205774706e-40,0.562444764206252,0.418,0.27,1.4626820568231e-35
"Acot13",8.58886147894172e-40,0.621200336787538,0.32,0.188,1.69303637472899e-35
"Tmem167",8.93923046541563e-40,0.430859140801957,0.588,0.418,1.76210110934273e-35
"Snrnp40",9.29306500275798e-40,0.407952211078696,0.606,0.433,1.83184897334365e-35
"H2-Ke6",1.72471815346336e-39,0.618784633299181,0.313,0.182,3.39976442410697e-35
"Dazap2",2.43638440388614e-39,0.527169466951529,0.425,0.272,4.80260093694036e-35
"Ppp1ca",3.23398317809954e-39,0.258884624042209,0.873,0.732,6.37482764066981e-35
"Med9",5.57854675068433e-39,0.683819939403493,0.276,0.155,1.0996431354949e-34
"Hadhb",8.38462531540557e-39,0.655019017152023,0.29,0.164,1.65277734217275e-34
"Hnrnpu",1.28546330924515e-38,0.254538017443293,0.863,0.724,2.53390527518405e-34
"Pdia3",1.31218890267262e-38,0.444154785859307,0.553,0.392,2.58658676494827e-34
"Tfam",1.77504835581521e-38,0.699454427624962,0.283,0.163,3.49897531898294e-34
"Tmed1",2.1783923505201e-38,0.726324529955732,0.255,0.139,4.29404700134521e-34
"Eif4g1",2.33357904690154e-38,0.58825757525585,0.37,0.231,4.59995101725231e-34
"Capn2",2.50288101048288e-38,0.720144589435268,0.261,0.144,4.93367904786384e-34
"Rpl7l1",4.95018109961318e-38,0.461127223458674,0.518,0.355,9.75779698355749e-34
"Taf7",6.1648437231309e-38,0.660421238277581,0.294,0.17,1.21521399470356e-33
"A430005L14Rik",6.30482615115549e-38,0.694897213204016,0.272,0.153,1.24280733091577e-33
"Zfp422",6.44126062689197e-38,0.3120161904932,0.803,0.625,1.26970129477294e-33
"Magoh",7.16935786633497e-38,0.376123206513377,0.643,0.467,1.41322382261195e-33
"Ngdn",1.42419982841691e-37,0.531087682312643,0.407,0.26,2.80738270177542e-33
"Oard1",2.02917340142041e-37,0.48981122073787,0.435,0.283,3.99990660887991e-33
"Wnk1",3.16268130659093e-37,0.659626067249018,0.274,0.155,6.23427739155205e-33
"Wdr61",3.28530160049808e-37,0.418474031750448,0.558,0.393,6.47598651490181e-33
"Arf6",3.78880968514381e-37,0.588670420809451,0.321,0.191,7.46850165135548e-33
"l7Rn6",4.16665916935428e-37,0.402287704756111,0.583,0.417,8.21331855463115e-33
"Taf10",4.72637624264695e-37,0.370767431887025,0.639,0.473,9.31663284950567e-33
"Ift27",4.93105038797287e-37,0.475475783750209,0.491,0.338,9.72008652477212e-33
"Pnn",7.24885522158294e-37,0.436012274169176,0.541,0.375,1.42889434127843e-32
"Hspa4",1.62338599941556e-36,0.575581524563889,0.379,0.243,3.20001848204795e-32
"Cep57",1.72104973481211e-36,0.632469481959437,0.303,0.18,3.39253323726163e-32
"Nelfe",3.98857864795796e-36,0.55479995339336,0.318,0.189,7.86228623085473e-32
"Chrac1",5.47649752074193e-36,0.600735755698329,0.306,0.182,1.07952719128865e-31
"Esf1",6.66702317761744e-36,0.487579099297282,0.459,0.306,1.31420360877195e-31
"Chmp4b",8.53710296455591e-36,0.407559495518854,0.578,0.418,1.68283373637326e-31
"Zc3h13",1.29788690931792e-35,0.542257768245426,0.364,0.228,2.55839467564748e-31
"Wapl",1.35235311398917e-35,0.601364314494741,0.287,0.165,2.66575845829545e-31
"Arl6ip6",1.59692908357591e-35,0.4887864561041,0.449,0.302,3.14786660954484e-31
"Fam133b",2.17633848773483e-35,0.432256391429116,0.523,0.365,4.2899984270229e-31
"Fjx1",3.38430892236923e-35,0.553134866913171,0.34,0.209,6.67114974777422e-31
"Mrpl35",3.9740117645374e-35,0.508066619752473,0.398,0.259,7.83357199025613e-31
"Tomm40",4.47092284530858e-35,0.43438396352813,0.507,0.354,8.81308311267228e-31
"Srp9",5.40882614359421e-35,0.297352134852289,0.775,0.615,1.06618780942529e-30
"Gm8730",6.48248210475571e-35,0.265313252453582,0.839,0.68,1.27782687248945e-30
"Ankrd11",8.58391501623776e-35,0.412719349839445,0.566,0.403,1.69206132800079e-30
"Ddx46",1.0008622091769e-34,0.545773418210616,0.334,0.203,1.9728995867295e-30
"Chchd7",1.31504333126754e-34,0.528063100585768,0.361,0.228,2.59221341459457e-30
"1110059E24Rik",1.35951777554546e-34,0.481691549754472,0.404,0.26,2.67988143915522e-30
"Erdr1",1.6789400979824e-34,0.5768261374797,0.348,0.22,3.3095267211429e-30
"Cdk17",4.30434287820079e-34,0.677124081741923,0.251,0.143,8.4847206815094e-30
"Fgfr1op2",4.51942297142159e-34,0.58526544702874,0.3,0.177,8.90868656126624e-30
"Tial1",6.15473370948689e-34,0.623143434332821,0.274,0.159,1.21322110881406e-29
"Nhp2",8.09430438918021e-34,0.388510548461968,0.612,0.458,1.5955492811952e-29
"Odc1",9.69778230318035e-34,0.413489563826612,0.567,0.412,1.91162684760291e-29
"Sf1",1.102114829118e-33,0.523240820708675,0.361,0.229,2.17248875115741e-29
"2210013O21Rik",1.98874155462504e-33,0.473064579131212,0.418,0.275,3.92020735247688e-29
"Cuta",2.07577020390717e-33,0.366153371473821,0.572,0.405,4.09175822594182e-29
"Tomm5",2.56294100191974e-33,0.418937374332939,0.53,0.377,5.05206930298418e-29
"Nup43",3.18485610762549e-33,0.609605866776639,0.253,0.144,6.27798835935137e-29
"Ugp2",3.25833761759303e-33,0.672604189489679,0.258,0.15,6.42283511179938e-29
"Raly",5.21279870139992e-33,0.320269616018579,0.727,0.569,1.02754688001995e-28
"Vgll4",5.33458176189931e-33,0.487554024335505,0.363,0.225,1.05155275690559e-28
"Fkbp2",5.99155731389496e-33,0.526112076852853,0.364,0.233,1.18105577771497e-28
"Sept7",7.58578559257109e-33,0.269202234770783,0.783,0.64,1.49531005600761e-28
"Sdhd",7.59539693485223e-33,0.535586594173392,0.371,0.242,1.49720464379807e-28
"Azin1",1.21246919092198e-32,0.504320392525618,0.386,0.255,2.39001926914541e-28
"Mrpl28",1.55711001756716e-32,0.303547108647603,0.719,0.562,3.06937526662839e-28
"Myg1",1.65393069459744e-32,0.582165892592051,0.298,0.181,3.26022818519047e-28
"Bcl10",1.92392486502725e-32,0.557473329660559,0.311,0.19,3.79244069394171e-28
"Cnih4",2.07783944134089e-32,0.438138671046927,0.454,0.305,4.09583710677116e-28
"Pex2",2.45384774779083e-32,0.442116343202141,0.408,0.261,4.83702468044528e-28
"Srrm1",2.55566469898956e-32,0.349776276887056,0.598,0.437,5.03772625464822e-28
"Ppp4c",2.95195996198229e-32,0.337280810179066,0.674,0.508,5.81890347705949e-28
"Trim37",3.0340683084915e-32,0.631293702230455,0.276,0.166,5.98075544969844e-28
"2610001J05Rik",3.75715218994948e-32,0.476156726795714,0.43,0.288,7.40609839682841e-28
"Bex4",4.02153986193572e-32,0.335589693047819,0.647,0.483,7.9272593758477e-28
"Wdr18",6.61934255161062e-32,0.518956824108878,0.363,0.235,1.30480480377349e-27
"Diablo",7.01462266614616e-32,0.469922491552178,0.424,0.283,1.38272241995073e-27
"Anapc15",7.32591978205962e-32,0.607610435324428,0.266,0.157,1.44408530743959e-27
"Gins4",8.99429578126568e-32,0.568023752685866,0.269,0.157,1.77295558440309e-27
"Eci2",1.60845983093132e-31,0.363080742036645,0.56,0.397,3.17059601873182e-27
"Vars",1.83608125641332e-31,0.611548645404367,0.259,0.152,3.61928337264193e-27
"Znrd1",2.2823040517994e-31,0.474244766144023,0.392,0.256,4.49887774690697e-27
"Ctsl",2.37787499160132e-31,0.615970012852782,0.299,0.186,4.68726718344453e-27
"Lrrc59",2.54241769348214e-31,0.420141405632066,0.494,0.349,5.011613757392e-27
"Ruvbl1",2.85113470095792e-31,0.424583585199114,0.492,0.349,5.62015672252826e-27
"Gt(ROSA)26Sor",3.35760760537725e-31,0.546906027550526,0.316,0.195,6.61851611171964e-27
"Rcc2",3.74472730101389e-31,0.508338099292865,0.345,0.219,7.38160645575857e-27
"Zfp91",3.83418564340748e-31,0.567067267963948,0.287,0.174,7.55794674028483e-27
"Rnaseh2a",3.88219082115214e-31,0.625908679017221,0.255,0.149,7.65257454665509e-27
"Jtb",4.60573239562119e-31,0.448840272164692,0.454,0.317,9.07881969824848e-27
"Prmt5",4.99627731851978e-31,0.516698816353669,0.369,0.243,9.84866185026619e-27
"Pfkl",8.1050972640757e-31,0.566063604138195,0.322,0.206,1.5976767726946e-26
"Ppp1r2",8.35623717067745e-31,0.384992050083086,0.519,0.362,1.64718147108394e-26
"Med21",1.00406367698181e-30,0.488550880639909,0.387,0.258,1.97921032006654e-26
"Bckdk",1.26587564786317e-30,0.54435932142735,0.313,0.197,2.49529407706788e-26
"Mrpl36",1.62480753374736e-30,0.421609938352712,0.486,0.342,3.20282061052279e-26
"P4hb",1.6774627496678e-30,0.651938346717512,0.254,0.15,3.30661457214516e-26
"Mrpl40",1.80806945159319e-30,0.466564875044589,0.373,0.244,3.5640665029805e-26
"Hsd17b4",1.82466939232273e-30,0.568211379074519,0.287,0.175,3.59678830614656e-26
"Dcaf8",2.04634410593182e-30,0.484757257365584,0.372,0.241,4.03375350161281e-26
"2310022B05Rik",2.45375985501666e-30,0.570246184825988,0.285,0.174,4.83685142620884e-26
"2810001G20Rik",3.79927662649463e-30,0.63876077396543,0.267,0.163,7.48913408614622e-26
"Ppig",3.8725274121458e-30,0.366333809974406,0.602,0.456,7.63352603482181e-26
"Trmt112",4.92876363811902e-30,0.306705844021552,0.688,0.518,9.71557888346021e-26
"Scp2",8.27801727207537e-30,0.308499384610051,0.668,0.512,1.6317627646715e-25
"Mrpl38",1.18332659066218e-29,0.521318935270717,0.344,0.224,2.3325733755133e-25
"Dph3",1.51575131056033e-29,0.396735014203883,0.469,0.325,2.98784898337652e-25
"Fundc2",1.51814566549418e-29,0.425251353344588,0.427,0.289,2.99256873582213e-25
"Pdlim4",1.60547941715428e-29,0.522702454594471,0.294,0.18,3.16472102709452e-25
"Glod4",2.46260503799615e-29,0.494094055803966,0.365,0.242,4.85428705089802e-25
"Tspan3",6.07508317357853e-29,0.259772733994294,0.83,0.679,1.1975203951758e-24
"Api5",7.71261328499885e-29,0.472611032196012,0.355,0.232,1.52031033073897e-24
"Vangl2",9.7379595326138e-29,0.411157478123147,0.429,0.287,1.91954658306883e-24
"Kat6b",9.94030097752145e-29,0.545529959245419,0.29,0.179,1.95943212868903e-24
"Lhx2",1.06519403517913e-28,0.309416800745462,0.923,0.646,2.0997104821451e-24
"Ppa2",1.48195143077239e-28,0.555194620953058,0.286,0.177,2.92122266033853e-24
"2310011J03Rik",1.64586081498144e-28,0.614806541694332,0.261,0.158,3.24432083849141e-24
"Tceal8",1.68729860387838e-28,0.333047754997024,0.622,0.463,3.32600300796506e-24
"Ccdc50",1.90844354941283e-28,0.530797475739062,0.301,0.187,3.76192392460257e-24
"Elof1",2.64956219263743e-28,0.318249212600974,0.601,0.444,5.2228169941269e-24
"Gspt1",2.8473047637899e-28,0.42637536737721,0.422,0.291,5.61260715038265e-24
"Wbp11",3.51677313426913e-28,0.377265369432677,0.505,0.359,6.9322632022713e-24
"Ddx39b",4.24008035486513e-28,0.276307805399053,0.769,0.611,8.35804639551014e-24
"Arl6ip4",5.66080990934662e-28,0.454959642369037,0.349,0.226,1.11585884933041e-23
"Rps12-ps3",6.01666024674062e-28,0.325379752919661,0.622,0.465,1.18600406783751e-23
"Zfr",7.29525512979783e-28,0.506453665030193,0.319,0.203,1.43804069118575e-23
"Smek2",8.35549072765812e-28,0.531454944981176,0.307,0.194,1.64703433223597e-23
"Tmed2",9.77142012904151e-28,0.253012066242951,0.83,0.685,1.92614233583666e-23
"Polr2h",1.00776211306356e-27,0.427423140573885,0.429,0.298,1.98650067727089e-23
"Tfg",1.63856467599723e-27,0.374421352507582,0.499,0.356,3.22993868932574e-23
"Prelid1",1.83828114359075e-27,0.340275777697974,0.579,0.435,3.62361979024609e-23
"Ubl4a",1.83985661428653e-27,0.503206634698399,0.307,0.195,3.62672535808161e-23
"Gart",2.01415703958126e-27,0.514486041811497,0.272,0.168,3.97030635642258e-23
"Prpf4b",2.30556896037781e-27,0.419663388620902,0.419,0.286,4.54473753469673e-23
"Rnf7",2.42727148903078e-27,0.264982810688372,0.756,0.594,4.78463755917747e-23
"Mrpl12",2.66459786186996e-27,0.324362871248971,0.61,0.461,5.25245530531807e-23
"Pole4",3.20341445023226e-27,0.419873414065844,0.443,0.315,6.31457056429784e-23
"Cwc15",3.34584144912088e-27,0.293830718379087,0.684,0.531,6.59532266450709e-23
"Irak1bp1",3.47836896773097e-27,0.475410704618439,0.354,0.237,6.85656090919129e-23
"Ict1",4.16454526366111e-27,0.327801074608608,0.575,0.423,8.20915162372878e-23
"Osgep",4.21516932695973e-27,0.403281087091198,0.43,0.297,8.30894177730302e-23
"Brix1",4.23840202338912e-27,0.410924353327369,0.451,0.316,8.35473806850463e-23
"Epha4",4.39233988081997e-27,0.364395796185962,0.47,0.316,8.65818037307232e-23
"Taf12",4.51220756622944e-27,0.490981824755027,0.344,0.227,8.89446355455148e-23
"Arglu1",7.06009552368808e-27,0.369733153073501,0.464,0.326,1.39168602962939e-22
"Serp1",8.28592807738344e-27,0.311391847416903,0.617,0.464,1.63332214261382e-22
"Eny2",9.586691734871e-27,0.250304984808726,0.787,0.639,1.88972867477777e-22
"Nelfb",9.71388031499259e-27,0.547333587644011,0.26,0.158,1.91480008769134e-22
"Hibadh",1.11437420719484e-26,0.556940568325198,0.258,0.158,2.19665443722247e-22
"Abce1",1.21677773845899e-26,0.464560988414929,0.33,0.217,2.39851227805037e-22
"Aplp2",1.28931694846283e-26,0.4712466333583,0.353,0.235,2.54150156880993e-22
"Hccs",1.30783624298389e-26,0.543703902159447,0.273,0.17,2.57800680216984e-22
"Fam136a",1.75032557140952e-26,0.349696601602276,0.522,0.381,3.45024176636244e-22
"Rbm28",3.17093769258457e-26,0.535066077788963,0.256,0.157,6.2505523796227e-22
"Yae1d1",5.6660965442563e-26,0.38632040800768,0.452,0.321,1.1169009508038e-21
"Snrpa",6.17443230248329e-26,0.310348318752337,0.618,0.466,1.21710409546551e-21
"Srek1ip1",7.25738830513563e-26,0.45862285581221,0.32,0.206,1.43057638270833e-21
"Papola",7.44830420349977e-26,0.314040351887927,0.635,0.482,1.46820972459388e-21
"Coq7",7.56529598263878e-26,0.405925999947172,0.365,0.241,1.49127114409776e-21
"Ddx18",8.6098524907331e-26,0.39010917778912,0.45,0.316,1.69717412297331e-21
"Ppp1r7",8.70165040936745e-26,0.464522638922908,0.282,0.177,1.71526932869451e-21
"Evi5",9.64147845639572e-26,0.472054028455637,0.347,0.232,1.90052823332472e-21
"Hspa9",1.67093717724942e-25,0.298213766559335,0.627,0.478,3.29375136379405e-21
"Tcea1",1.9971164977658e-25,0.370075646344648,0.428,0.3,3.93671604039595e-21
"BC003965",2.46360047095815e-25,0.436784195309995,0.351,0.236,4.8562492483527e-21
"Mpst",2.74028754021222e-25,0.409030826460836,0.404,0.282,5.40165479926632e-21
"Tmem242",4.15618091130787e-25,0.409968800183203,0.401,0.277,8.19266381237007e-21
"Plekhj1",5.16318273929536e-25,0.308088988482385,0.624,0.48,1.0177665815699e-20
"Kdelr2",5.85283781113419e-25,0.582363786682967,0.262,0.166,1.15371138933077e-20
"Kars",6.07752428332902e-25,0.472273979642222,0.288,0.185,1.19800158672982e-20
"Zfp664",7.03618009640057e-25,0.467897242672095,0.317,0.206,1.38697182060248e-20
"Ktn1",7.73940719337194e-25,0.340496818964618,0.529,0.39,1.52559194595748e-20
"Yy1",1.14876638127348e-24,0.442066604266886,0.37,0.254,2.26444829076628e-20
"Mfap2",1.37471820054624e-24,0.255390876971928,0.755,0.58,2.70984451691675e-20
"Lrrc58",1.83637184677702e-24,0.478898845985871,0.277,0.176,3.61985618436687e-20
"Bccip",1.84657881505013e-24,0.343407135850601,0.51,0.371,3.63997616022682e-20
"Sephs2",1.90045704024601e-24,0.500462821710808,0.286,0.186,3.74618091773294e-20
"Mphosph6",2.1755839701863e-24,0.525672021042838,0.265,0.169,4.28851112203124e-20
"Mllt10",2.17624486900728e-24,0.45398764992451,0.335,0.223,4.28981388578715e-20
"Rpp14",2.33217545044968e-24,0.46727596176547,0.321,0.214,4.59718424792641e-20
"Taf1d",2.3957709259279e-24,0.437782298460686,0.367,0.253,4.72254364918908e-20
"Ndufaf4",2.98634361980654e-24,0.475796117234841,0.346,0.237,5.88668054336265e-20
"Tmem14c",3.25510139130801e-24,0.399512681390416,0.403,0.286,6.41645586254635e-20
"Glul",3.36959156687313e-24,0.378995306538687,0.425,0.299,6.6421388966203e-20
"Zfp24",3.40694174326959e-24,0.429421249167198,0.311,0.203,6.71576356433301e-20
"Tob1",3.78507343639628e-24,0.426027437300393,0.39,0.27,7.46113675782435e-20
"Plekho1",4.44911074709691e-24,0.50436738737825,0.269,0.169,8.77008710467742e-20
"C1qbp",4.51837528663054e-24,0.294803569006253,0.656,0.511,8.90662136500612e-20
"Timm17a",5.51769645062521e-24,0.347349331972865,0.485,0.351,1.08764832434724e-19
"Rpgrip1",8.27908427573504e-24,0.485726586462778,0.277,0.179,1.63197309243289e-19
"Immt",1.05184579051456e-23,0.351158061420881,0.478,0.345,2.07339842226229e-19
"Samm50",1.2459804380414e-23,0.39418309879842,0.384,0.265,2.45607663946722e-19
"Katnbl1",1.36363580382204e-23,0.47319554669786,0.263,0.166,2.687998896494e-19
"Rcbtb2",1.36959692760444e-23,0.422408355883605,0.333,0.222,2.69974946369387e-19
"Ctnnb1",1.36973641674342e-23,0.270997811847264,0.666,0.509,2.70002442468464e-19
"Cggbp1",1.49056018492627e-23,0.493314207504985,0.278,0.179,2.93819223652667e-19
"Hnrnpul1",1.49879071893545e-23,0.4094061640173,0.358,0.245,2.95441626516556e-19
"Stub1",1.76392158365165e-23,0.26587393995562,0.677,0.532,3.47704222569413e-19
"Tmem243",2.09479112855578e-23,0.447804725406512,0.318,0.21,4.12925227260916e-19
"Psmg2",2.29967142504633e-23,0.436641338707398,0.31,0.205,4.53311231305132e-19
"Ostc",2.72708836846888e-23,0.272384515729428,0.692,0.548,5.37563659192585e-19
"Rwdd1",2.93165251821032e-23,0.252590143120608,0.717,0.572,5.77887344389618e-19
"Cdc34",3.75308874188283e-23,0.473806928463544,0.301,0.199,7.39808852799944e-19
"Zc3h14",8.46958066192802e-23,0.326222077195953,0.508,0.374,1.66952374007925e-18
"Polr1c",1.28246868691953e-22,0.402928316846934,0.412,0.295,2.52800227565578e-18
"Mrps7",1.35047439884978e-22,0.405350694074075,0.406,0.29,2.66205513501268e-18
"Usf2",1.5970996884399e-22,0.454745049174749,0.319,0.217,3.14820290585274e-18
"D1Ertd622e",1.62144375529681e-22,0.410270324708046,0.358,0.249,3.19618993044108e-18
"Ssbp4",1.72658927164252e-22,0.434564243918729,0.329,0.224,3.40345277226173e-18
"Phf23",3.12791528008519e-22,0.432302257991605,0.306,0.202,6.16574660010392e-18
"Iscu",3.34528178622238e-22,0.323247545958118,0.481,0.349,6.59421945700156e-18
"Cdk2ap2",4.00905059066132e-22,0.499377250332649,0.268,0.175,7.9026405243116e-18
"Med7",5.06331590151304e-22,0.388821332743757,0.374,0.261,9.98080830506251e-18
"Naa10",5.08765008894056e-22,0.414726979707051,0.341,0.233,1.00287758553196e-17
"Mpp6",5.5270761931134e-22,0.383809386393474,0.312,0.208,1.08949725918651e-17
"Phf5a",5.97693573548829e-22,0.292165406303622,0.593,0.453,1.17817357217945e-17
"Katna1",8.52284988358349e-22,0.438851694358047,0.275,0.178,1.68002416905198e-17
"Lsm8",8.71875337547616e-22,0.254858836904948,0.664,0.514,1.71864066537386e-17
"Mocs2",9.41808951040426e-22,0.354055631103748,0.447,0.323,1.85649380429089e-17
"Dynlt1f",9.93815297665048e-22,0.321551925805437,0.42,0.295,1.95900871475734e-17
"Prmt7",1.00843701733845e-21,0.505813798981942,0.253,0.164,1.98783104857754e-17
"Ndufb6",1.0167528996198e-21,0.267875390735476,0.677,0.537,2.00422331573055e-17
"Zfp639",1.08976528259882e-21,0.473887649411598,0.274,0.179,2.14814532505878e-17
"Nolc1",1.31837952849836e-21,0.429389095703827,0.308,0.208,2.59878972657597e-17
"Mrps6",1.60592370746672e-21,0.492784588817655,0.253,0.165,3.1655968121584e-17
"Larp4b",2.0066608978452e-21,0.485630754078167,0.282,0.187,3.95552996183245e-17
"Stk11",2.52021913762046e-21,0.316835137684504,0.508,0.378,4.96785596407745e-17
"Brd8",2.78745291174647e-21,0.368558738299783,0.352,0.241,5.49462717963463e-17
"Pdcd10",2.85271544493666e-21,0.326643397482989,0.516,0.383,5.62327268505915e-17
"Sbds",2.89424967671042e-21,0.471198580368349,0.274,0.181,5.70514496273158e-17
"Tnfaip1",3.1165894796834e-21,0.37738734440751,0.349,0.24,6.14342118235191e-17
"Cnih1",3.73714846722694e-21,0.361497712951416,0.398,0.282,7.36666705859775e-17
"Tmem126a",3.98754362785671e-21,0.344338482156089,0.434,0.311,7.86024599923115e-17
"Pih1d1",4.34395181257204e-21,0.358551035881869,0.308,0.205,8.56279781294201e-17
"Cnep1r1",4.72833411290155e-21,0.480980192456094,0.255,0.165,9.32049220335154e-17
"Tex261",5.4241691292888e-21,0.389699954227358,0.378,0.269,1.06921221876541e-16
"Sac3d1",5.59380830529202e-21,0.389694526130655,0.286,0.189,1.10265149313916e-16
"Fip1l1",6.31373742179505e-21,0.349253357813369,0.413,0.296,1.24456392058424e-16
"Ssr3",6.56243311007813e-21,0.35010010245265,0.416,0.3,1.2935868146586e-16
"Rsl1d1",8.3289697727194e-21,0.277894163917263,0.65,0.509,1.64180652159845e-16
"Msi1",9.09947895669124e-21,0.336468270128057,0.418,0.301,1.79368929194298e-16
"Lztfl1",9.19297155769338e-21,0.512600410903299,0.261,0.173,1.81211855345252e-16
"Ifrd1",1.1575159794295e-20,0.369721676747248,0.318,0.216,2.28169549865142e-16
"Rpain",1.25693155641103e-20,0.449197720317859,0.269,0.177,2.47766348399743e-16
"Timm44",1.303088061032e-20,0.487030505379785,0.263,0.172,2.56864718590628e-16
"Eif1a",1.31122261252164e-20,0.460609231181467,0.28,0.187,2.58468201380266e-16
"Ssna1",1.519898662164e-20,0.293548075626541,0.567,0.434,2.99602424285768e-16
"Tsfm",1.94018036224408e-20,0.402194836589073,0.34,0.236,3.82448353005553e-16
"Rfc3",2.24318385726489e-20,0.4496989488916,0.313,0.217,4.42176401944055e-16
"Gmps",2.90481754024844e-20,0.394815542464752,0.341,0.236,5.72597633533772e-16
"Snw1",3.42153843948792e-20,0.258880179676313,0.628,0.487,6.7445365719186e-16
"Pfdn6",3.9684949616798e-20,0.259487556225633,0.624,0.491,7.82269726846323e-16
"Ncbp2",4.41552816296208e-20,0.338053510644935,0.421,0.306,8.70388911483086e-16
"Ino80e",4.43652808305787e-20,0.430508834369242,0.266,0.176,8.74528415732367e-16
"Hdhd2",4.62510428851899e-20,0.353571270979238,0.387,0.274,9.11700557352863e-16
"Gabpb1",4.8109576203251e-20,0.436952826108383,0.258,0.169,9.48335966118483e-16
"Vamp4",5.02622645284712e-20,0.430735402940885,0.267,0.177,9.90769758385224e-16
"Fcf1",9.0813490401791e-20,0.31810769185503,0.431,0.313,1.79011552280011e-15
"Eftud2",9.49810730352185e-20,0.403358581121351,0.33,0.23,1.87226691167023e-15
"Nmt1",1.20835362682739e-19,0.377146921596718,0.327,0.226,2.38190666920215e-15
"Nsun2",1.36496349322634e-19,0.435315095742259,0.316,0.22,2.69061603784777e-15
"Eif3a",2.36956491694608e-19,0.290019875184308,0.552,0.428,4.67088636428411e-15
"Ddx50",2.74692345832984e-19,0.392126725032353,0.297,0.202,5.41473552105978e-15
"U2af2",2.76482369824485e-19,0.312087454069696,0.469,0.35,5.45002047398025e-15
"Utp11l",2.96691047316963e-19,0.313975604268523,0.408,0.294,5.84837392471198e-15
"Zfp131",3.77843446852113e-19,0.402614963809894,0.337,0.236,7.44805002434886e-15
"Cyp51",3.89524034518258e-19,0.39565914952148,0.332,0.233,7.67829776842391e-15
"Eif4a3",4.24562316194867e-19,0.300822416437014,0.462,0.342,8.36897237683322e-15
"Srp19",4.50898163004125e-19,0.266317528998226,0.549,0.414,8.88810458913731e-15
"Taf6",5.09488198285814e-19,0.439167770514005,0.267,0.178,1.004303136461e-14
"Ube2l3",5.15129524968168e-19,0.258870440577098,0.614,0.48,1.01542331961725e-14
"Upf3a",6.60923258330662e-19,0.418461051745382,0.271,0.181,1.3028119268214e-14
"Dnajc2",6.61177383302849e-19,0.32127877690406,0.444,0.33,1.30331285796658e-14
"Dzip3",9.86958912748597e-19,0.422007065187277,0.3,0.208,1.94549340881003e-14
"Smn1",1.01550917865471e-18,0.370931492721004,0.34,0.24,2.00177169296416e-14
"Lsm7",1.08289274610523e-18,0.273372936424399,0.562,0.44,2.13459818112264e-14
"Gatad1",1.13790836621685e-18,0.354348123509355,0.299,0.204,2.24304497148666e-14
"Dnajc15",1.35800891000881e-18,0.330888253835071,0.344,0.241,2.67690716340936e-14
"Fam49b",1.80299645538644e-18,0.289067773590468,0.471,0.348,3.55406661285776e-14
"Rab9",2.52127667994599e-18,0.322356023273401,0.391,0.281,4.96994059150953e-14
"Gpx1",2.52492311507957e-18,0.257937299093678,0.549,0.422,4.97712844444486e-14
"Wdr12",3.1988119171116e-18,0.428738274977856,0.276,0.19,6.30549805101038e-14
"Rnf4",3.51089189980129e-18,0.389539134174789,0.307,0.213,6.9206701128883e-14
"Sf3a2",5.69935566456327e-18,0.364075667847738,0.319,0.222,1.12345698859871e-13
"Rps6kb1",6.30112950287108e-18,0.336316575390776,0.369,0.265,1.24207864760595e-13
"Parp1",7.41807257943553e-18,0.335750484920877,0.332,0.234,1.46225046685833e-13
"Mrpl46",8.56198967688346e-18,0.384038796671248,0.318,0.224,1.68773940510727e-13
"Smarca5",1.08109666842721e-17,0.278867158248464,0.506,0.381,2.13105775280371e-13
"Orc6",1.0976254597665e-17,0.329760295149402,0.387,0.283,2.16363930629173e-13
"Ubl3",1.61516364219559e-17,0.364599183158077,0.293,0.202,3.18381057149594e-13
"1700020I14Rik",2.23757812407426e-17,0.32344231576391,0.319,0.223,4.41071399817517e-13
"Chmp6",2.68126561357384e-17,0.392714078540664,0.264,0.18,5.28531077747676e-13
"Mesdc2",2.74910757540707e-17,0.465219208539409,0.259,0.177,5.41904085264242e-13
"Yif1b",2.76807322784042e-17,0.403177402898931,0.294,0.207,5.45642594671904e-13
"Cldnd1",3.0224536676047e-17,0.265179703811393,0.55,0.426,5.95786066958238e-13
"Ddx3x",5.15389122143505e-17,0.328230712387205,0.379,0.276,1.01593503756928e-12
"Trim27",6.80552853909155e-17,0.325715829237919,0.366,0.269,1.34150578562573e-12
"Zfp771",8.43097798700481e-17,0.306079113039735,0.374,0.273,1.66191438079839e-12
"Nip7",8.93018179591449e-17,0.344116451045672,0.321,0.231,1.76031743561066e-12
"Ddost",9.83040768195256e-17,0.307919072895178,0.4,0.297,1.93776996226649e-12
"Cbx5",1.06781786660039e-16,0.310731302386207,0.438,0.332,2.10488257864268e-12
"Zcchc9",1.11179376362682e-16,0.336175804483996,0.314,0.221,2.1915678668612e-12
"Ruvbl2",1.12069967758069e-16,0.312695261046772,0.404,0.301,2.20912320444706e-12
"Nop56",1.13981202634697e-16,0.265090100761187,0.558,0.438,2.24679746633514e-12
"Seh1l",1.22859011864467e-16,0.404055805645914,0.273,0.189,2.42179684187237e-12
"Shisa4",1.25366462742629e-16,0.325328414505565,0.345,0.246,2.4712237135827e-12
"Mrpl50",1.66412995955754e-16,0.274931060275487,0.431,0.323,3.28033297627982e-12
"Oser1",1.75045367326236e-16,0.349241139098013,0.327,0.232,3.45049428073477e-12
"Sf3a3",1.80832108308213e-16,0.300502847882249,0.368,0.265,3.56456251897149e-12
"Rbm27",1.88660759154015e-16,0.367538330339426,0.284,0.199,3.71888088444394e-12
"Snx17",2.18170238101672e-16,0.269619381281438,0.457,0.345,4.30057173346015e-12
"Polr2l",2.26425434247675e-16,0.286243995624829,0.4,0.297,4.46329815989017e-12
"Sec22b",2.34261710115667e-16,0.35655179615717,0.291,0.204,4.61776682980002e-12
"Gipc1",2.51105859882249e-16,0.251003392263148,0.496,0.38,4.94979870999889e-12
"Mrpl48",2.83874480589216e-16,0.287825219798262,0.401,0.298,5.59573376137463e-12
"Lman2",3.54493964067291e-16,0.349856166678228,0.285,0.198,6.98778501969444e-12
"Tmem33",3.96042370148537e-16,0.363544449556568,0.317,0.227,7.80678720036796e-12
"Ddx21",5.24568953926917e-16,0.387553780189488,0.269,0.187,1.03403032198074e-11
"Bcap31",5.39257198608567e-16,0.427707856604025,0.255,0.177,1.06298378989721e-11
"Ctcf",5.75932119154908e-16,0.252910100047581,0.547,0.421,1.13527739327816e-11
"Smim8",5.8035953975142e-16,0.323605700380137,0.262,0.177,1.144004724758e-11
"Kxd1",6.28325058441974e-16,0.335143468154751,0.31,0.22,1.23855435520082e-11
"Alkbh5",8.39694594069922e-16,0.37653241029238,0.251,0.172,1.65520598383063e-11
"Atf4",1.61334202666508e-15,0.265036140572894,0.484,0.372,3.18021980296221e-11
"Trnau1ap",1.79857293397146e-15,0.293788989678221,0.415,0.318,3.54534696744455e-11
"2310009B15Rik",2.02541448170349e-15,0.406305366080043,0.281,0.203,3.99249702633392e-11
"Taf13",2.58848744823702e-15,0.315328943020757,0.352,0.258,5.1024264579648e-11
"Prkag1",2.61063791131593e-15,0.331640812423882,0.261,0.18,5.14608945078596e-11
"Snx2",2.72775195817237e-15,0.345862356551658,0.296,0.211,5.37694465994938e-11
"Tssc4",3.22814361965897e-15,0.336017434563023,0.32,0.232,6.36331670307177e-11
"Dnttip2",3.85232670961781e-15,0.333118299728586,0.313,0.226,7.59370640999863e-11
"Txndc12",4.04552907078659e-15,0.310750991902111,0.319,0.23,7.97454690433453e-11
"Tmed7",4.3561207110712e-15,0.292884287333665,0.381,0.282,8.58678514566355e-11
"Pcm1",4.49612497931451e-15,0.30328904022577,0.388,0.292,8.86276155922477e-11
"Mrps16",5.12725778096874e-15,0.262532634777985,0.45,0.346,1.01068505378456e-10
"Tdrkh",5.19415467542247e-15,0.334018111326446,0.254,0.174,1.02387176961928e-10
"Mphosph8",7.4301437302219e-15,0.27890576922139,0.403,0.302,1.46462993210134e-10
"Usp50",9.27735678863126e-15,0.325480505611406,0.33,0.242,1.82875257017499e-10
"Timm21",9.97809485345437e-15,0.339400520858359,0.252,0.174,1.96688205751293e-10
"Topors",1.04146034042396e-14,0.336400095484645,0.334,0.244,2.05292662304372e-10
"Aars",2.63411387358473e-14,0.268385731685819,0.363,0.269,5.19236526761022e-10
"0610037L13Rik",2.69884309207949e-14,0.278784405350053,0.281,0.199,5.31995950310709e-10
"Ccdc25",3.4260208437435e-14,0.335583545356754,0.261,0.184,6.75337228718718e-10
"Tmem261",3.45988080288083e-14,0.255924884318437,0.43,0.327,6.8201170386387e-10
"Unc50",3.47848857517998e-14,0.287867624941291,0.366,0.27,6.85679667939477e-10
"Gstp1",3.60290216195555e-14,0.351826275187788,0.256,0.181,7.10204074164677e-10
"Mcmbp",5.65281387661639e-14,0.30463606547363,0.346,0.259,1.11428267135862e-09
"Timm22",6.49225750966685e-14,0.300228047483941,0.321,0.237,1.27975380030553e-09
"Limch1",8.10517459223748e-14,0.265353362474176,0.323,0.233,1.59769201562185e-09
"Ccdc115",1.04387581267214e-13,0.294896380806075,0.346,0.259,2.05768800193932e-09
"Dguok",1.06819795628586e-13,0.303635068846963,0.288,0.208,2.10563181143069e-09
"Gpi1",1.34925997204297e-13,0.250533882080671,0.419,0.319,2.6596612568911e-09
"Crk",1.35580071785247e-13,0.350038034234377,0.255,0.18,2.6725543750308e-09
"Fxr1",1.38156135879554e-13,0.303234929136208,0.29,0.209,2.72333375045777e-09
"Klf13",1.42460160380596e-13,0.25176440492986,0.416,0.315,2.80817468142232e-09
"Isca2",1.52598197415566e-13,0.342836883562671,0.272,0.194,3.00801566745565e-09
"Hadha",2.34215089193634e-13,0.319643660960807,0.258,0.182,4.61684783818491e-09
"Mapkap1",2.80773764662378e-13,0.281695247639767,0.315,0.232,5.53461244902479e-09
"Prrc2c",2.84417356987303e-13,0.264020299494306,0.314,0.228,5.60643494093371e-09
"Ddx52",3.19176670685418e-13,0.340503501927713,0.251,0.178,6.29161053255096e-09
"Pak1ip1",3.23655788983638e-13,0.252908254601732,0.379,0.288,6.37990291244547e-09
"Hdgfrp2",3.71280839674415e-13,0.291025116022178,0.321,0.235,7.31868791166206e-09
"Zmiz1",3.95126746771871e-13,0.267144891757493,0.357,0.263,7.78873843236712e-09
"Gm6563",4.45637170622399e-13,0.319306528956719,0.285,0.207,8.78439990730872e-09
"Afg3l1",4.48570903410316e-13,0.276949956088648,0.307,0.226,8.84222964802415e-09
"Prpf38b",4.78381368160466e-13,0.282154456373096,0.276,0.197,9.42985352917911e-09
"Ppp5c",4.88423118200069e-13,0.290280714124362,0.324,0.242,9.62779650595976e-09
"Dhrs1",6.03348429480658e-13,0.293855352856803,0.323,0.24,1.18932042419227e-08
"Bptf",6.08666138368097e-13,0.250519426217044,0.364,0.269,1.19980269195119e-08
"Traf7",7.30380865086529e-13,0.306022614309787,0.279,0.203,1.43972676125857e-08
"Snapin",8.87089594447097e-13,0.29631006549727,0.318,0.234,1.74863100857412e-08
"Pmpca",9.5047304935782e-13,0.268231622435753,0.269,0.193,1.87357247489414e-08
"Faap20",1.007051654277e-12,0.289086312428959,0.317,0.236,1.98510022091082e-08
"Grk6",1.10612046151024e-12,0.320949340642173,0.272,0.197,2.18038465372899e-08
"Mrps9",1.28746542057539e-12,0.301106419571573,0.277,0.202,2.53785183703821e-08
"Psmd5",1.65037001350485e-12,0.284765185908789,0.325,0.243,3.25320937062076e-08
"Timm50",2.583679266459e-12,0.25648828478225,0.356,0.27,5.09294857004398e-08
"Mrpl19",2.63255220540382e-12,0.294141642724086,0.339,0.257,5.189286907292e-08
"Uhrf2",5.16820914437669e-12,0.28091255818447,0.36,0.274,1.01875738653953e-07
"Ino80b",5.89929528407849e-12,0.308025064401414,0.269,0.196,1.16286908639755e-07
"Syne2",6.53000775414943e-12,0.286149075236164,0.266,0.193,1.28719512849794e-07
"Ube2f",7.06857635065103e-12,0.265121270981187,0.3,0.222,1.39335777024033e-07
"Adipor1",1.39598869897579e-11,0.264497446899331,0.308,0.23,2.75177292342108e-07
"Nt5c3b",1.42846823634544e-11,0.324206969179288,0.276,0.207,2.81579658748412e-07
"Sf3b3",1.7995038725879e-11,0.295372553911951,0.25,0.182,3.54718203364527e-07
"Timm10",1.90246035845124e-11,0.262580593433147,0.343,0.265,3.75012985857909e-07
"Ctps",2.00589496382186e-11,0.283015971800568,0.34,0.262,3.95402015268566e-07
"Amfr",2.84853591797146e-11,0.277216682799854,0.285,0.212,5.61503400150534e-07
"Capza1",2.87703240295658e-11,0.268668927406084,0.279,0.206,5.67120627270801e-07
"Msl1",3.07492974010792e-11,0.267217972107425,0.287,0.214,6.06130150370074e-07
"Mrps30",3.45809970144606e-11,0.282201774769328,0.31,0.234,6.81660613149048e-07
"Srp68",3.79634552729204e-11,0.301120072491266,0.252,0.184,7.48335630339808e-07
"Ccdc127",4.28951159311364e-11,0.281511484281947,0.253,0.185,8.45548525234561e-07
"Snx4",4.72526978385434e-11,0.288922058186015,0.272,0.202,9.31445179793368e-07
"4930453N24Rik",5.78219560421924e-11,0.301024309557447,0.256,0.187,1.1397863975037e-06
"1110004E09Rik",5.93970968245809e-11,0.277104718795939,0.26,0.192,1.17083557260614e-06
"Clint1",7.2385637821606e-11,0.310422835703332,0.272,0.202,1.4268656927395e-06
"Ddrgk1",8.77369827475353e-11,0.257175020368051,0.292,0.219,1.72947140391942e-06
"Thap11",1.21310178840701e-10,0.269893852750358,0.293,0.222,2.3912662453079e-06
"Nelfcd",2.03925475878442e-10,0.268180585279,0.262,0.196,4.01977898051585e-06
"Znhit3",3.8931059541557e-10,0.250006555617027,0.283,0.214,7.67409045683171e-06
"Trnt1",6.19033143568719e-10,0.253313005386033,0.256,0.192,1.22023813260266e-05
"Fdx1l",1.2199597822219e-09,0.263984345264458,0.293,0.229,2.40478472271581e-05
"Timm9",2.25428245638825e-09,0.25481322693949,0.253,0.191,4.44364157803253e-05
"Rabggtb",3.49895689323705e-09,0.284390802550257,0.251,0.191,6.89714382794887e-05
"Twistnb",9.66024380664757e-09,0.258349947266135,0.273,0.211,0.000190422725916637
